,label,laufkont,dlaufzeit,moral,verw,dhoehe,sparkont,beszeit,gastarb,rate,famges,buerge,wohnzeit,verm,dalter,weitkred,wohn,bishkred,beruf,pers,telef
0,0,K4,LZ03,M2,VZ2,DH3,SW5,BD2,ja,RH4,FG2,WS1,WD4,V3,A1,RK3,W3,ARK1,B3,U2,nein
1,0,K4,LZ02,M2,VZ11,DH5,SW5,BD3,ja,RH2,FG2,WS1,WD2,V4,A2,RK3,W3,ARK2,B3,U1,nein
2,0,K1,LZ02,M1,VZ9,DH2,SW1,BD4,ja,RH2,FG2,WS1,WD4,V4,A1,RK3,W3,ARK1,B2,U2,nein
3,0,K4,LZ02,M2,VZ11,DH4,SW5,BD3,nein,RH3,FG2,WS1,WD2,V4,A2,RK3,W3,ARK2,B2,U1,nein
4,0,K4,LZ02,M2,VZ11,DH4,SW5,BD3,nein,RH4,FG2,WS1,WD4,V3,A2,RK1,W1,ARK2,B2,U2,nein
5,0,K4,LZ02,M2,VZ11,DH4,SW5,BD2,nein,RH1,FG2,WS1,WD3,V4,A3,RK3,W3,ARK2,B2,U1,nein
6,0,K4,LZ02,M2,VZ11,DH5,SW5,BD4,nein,RH1,FG2,WS1,WD4,V4,A2,RK3,W1,ARK2,B2,U2,nein
7,0,K4,LZ01,M2,VZ11,DH3,SW5,BD2,nein,RH2,FG2,WS1,WD4,V4,A3,RK3,W1,ARK1,B2,U1,nein
8,0,K3,LZ03,M2,VZ3,DH3,SW5,BD1,ja,RH4,FG2,WS1,WD4,V2,A5,RK3,W1,ARK2,B1,U2,nein
9,0,K1,LZ04,M1,VZ3,DH5,SW2,BD1,ja,RH1,FG2,WS1,WD4,V1,A1,RK3,W3,ARK1,B1,U2,nein
10,0,K4,LZ02,M2,VZ11,DH5,SW5,BD3,ja,RH2,FG2,WS1,WD2,V4,A2,RK3,W3,ARK2,B3,U1,nein
11,0,K4,LZ05,M2,VZ1,DH6,SW1,BD4,ja,RH1,FG3,WS1,WD4,V2,A1,RK3,W3,ARK2,B3,U2,nein
12,0,K4,LZ01,M2,VZ3,DH4,SW5,BD4,ja,RH1,FG2,WS1,WD4,V2,A2,RK3,W1,ARK1,B3,U2,nein
13,0,K1,LZ08,M3,VZ10,DH7,SW1,BD1,ja,RH2,FG2,WS1,WD4,V1,A2,RK3,W1,ARK1,B4,U2,ja
14,0,K4,LZ03,M1,VZ3,DH4,SW4,BD4,ja,RH2,FG3,WS1,WD4,V2,A1,RK3,W3,ARK2,B2,U2,nein
15,0,K4,LZ01,M1,VZ3,DH5,SW2,BD3,ja,RH2,FG2,WS1,WD3,V4,A3,RK3,W3,ARK1,B3,U1,nein
16,0,K4,LZ02,M2,VZ11,DH5,SW5,BD3,ja,RH1,FG2,WS1,WD2,V4,A3,RK3,W1,ARK2,B2,U1,nein
17,0,K1,LZ03,M1,VZ3,DH5,SW2,BD2,ja,RH1,FG3,WS1,WD3,V4,A1,RK3,W3,ARK1,B3,U2,nein
18,0,K1,LZ06,M2,VZ3,DH4,SW5,BD5,ja,RH4,FG2,WS1,WD4,V4,A2,RK3,W1,ARK1,B3,U2,nein
19,0,K3,LZ02,M2,VZ11,DH6,SW5,BD3,ja,RH1,FG2,WS1,WD4,V3,A2,RK3,W1,ARK2,B2,U2,nein
20,0,K4,LZ01,M2,VZ11,DH5,SW5,BD3,ja,RH1,FG2,WS1,WD3,V4,A2,RK3,W3,ARK3,B3,U1,nein
21,0,K1,LZ02,M2,VZ11,DH5,SW5,BD2,ja,RH1,FG2,WS1,WD3,V4,A3,RK1,W1,ARK2,B2,U1,nein
22,1,K1,LZ06,M1,VZ5,DH4,SW5,BD2,ja,RH4,FG2,WS1,WD1,V1,A2,RK3,W3,ARK1,B2,U2,nein
23,0,K1,LZ02,M2,VZ4,DH3,SW5,BD4,ja,RH4,FG2,WS1,WD3,V3,A2,RK3,W1,ARK1,B3,U2,nein
24,0,K4,LZ01,M2,VZ11,DH5,SW4,BD2,ja,RH1,FG2,WS1,WD3,V4,A3,RK3,W1,ARK2,B2,U1,nein
25,0,K1,LZ02,M3,VZ3,DH5,SW5,BD4,ja,RH2,FG2,WS1,WD4,V3,A3,RK3,W1,ARK1,B3,U2,nein
26,0,K4,LZ02,M1,VZ2,DH2,SW5,BD5,ja,RH4,FG2,WS1,WD4,V3,A1,RK3,W3,ARK1,B3,U2,nein
27,0,K1,LZ02,M2,VZ3,DH3,SW5,BD5,ja,RH2,FG2,WS1,WD4,V4,A2,RK3,W1,ARK3,B2,U2,nein
28,0,K3,LZ03,M1,VZ11,DH5,SW4,BD3,ja,RH3,FG2,WS1,WD2,V1,A2,RK3,W1,ARK1,B3,U2,nein
29,0,K2,LZ07,M2,VZ1,DH5,SW5,BD5,ja,RH4,FG2,WS1,WD4,V1,A3,RK3,W2,ARK1,B3,U2,nein
30,0,K2,LZ05,M2,VZ3,DH5,SW5,BD5,ja,RH4,FG2,WS1,WD4,V3,A3,RK3,W1,ARK1,B3,U2,nein
31,0,K3,LZ06,M2,VZ11,DH5,SW5,BD4,ja,RH4,FG2,WS1,WD4,V2,A2,RK3,W1,ARK2,B3,U2,ja
32,0,K3,LZ06,M2,VZ11,DH6,SW5,BD5,ja,RH4,FG2,WS1,WD4,V2,A2,RK3,W1,ARK2,B4,U2,ja
33,0,K3,LZ04,M1,VZ3,DH3,SW2,BD4,ja,RH4,FG2,WS1,WD1,V2,A2,RK3,W1,ARK1,B3,U2,nein
34,0,K4,LZ03,M1,VZ11,DH4,SW5,BD2,ja,RH2,FG2,WS1,WD3,V4,A2,RK3,W1,ARK1,B3,U2,nein
35,0,K4,LZ01,M2,VZ11,DH2,SW5,BD5,ja,RH1,FG2,WS1,WD4,V1,A2,RK3,W1,ARK2,B3,U2,ja
36,0,K3,LZ02,M2,VZ11,DH3,SW5,BD5,ja,RH4,FG2,WS1,WD1,V4,A2,RK3,W1,ARK2,B2,U1,nein
37,0,K3,LZ02,M2,VZ3,DH4,SW5,BD5,ja,RH2,FG2,WS1,WD2,V1,A2,RK3,W1,ARK2,B3,U2,nein
38,0,K3,LZ03,M1,VZ1,DH5,SW4,BD3,ja,RH2,FG2,WS1,WD1,V3,A2,RK3,W1,ARK1,B3,U2,ja
39,0,K3,LZ04,M2,VZ1,DH5,SW5,BD5,ja,RH4,FG2,WS1,WD2,V2,A3,RK3,W3,ARK2,B4,U2,ja
40,0,K3,LZ02,M2,VZ5,DH2,SW4,BD4,ja,RH4,FG2,WS1,WD4,V4,A1,RK3,W1,ARK2,B3,U2,nein
41,0,K4,LZ04,M1,VZ10,DH4,SW5,BD5,ja,RH4,FG2,WS3,WD4,V4,A3,RK3,W1,ARK1,B2,U2,ja
42,0,K3,LZ03,M2,VZ11,DH3,SW5,BD3,ja,RH4,FG2,WS1,WD3,V4,A2,RK3,W1,ARK2,B3,U2,nein
43,0,K1,LZ04,M2,VZ9,DH5,SW4,BD4,ja,RH4,FG2,WS1,WD3,V1,A2,RK3,W1,ARK2,B3,U1,ja
44,0,K1,LZ03,M1,VZ6,DH3,SW4,BD3,ja,RH4,FG2,WS1,WD4,V1,A4,RK3,W2,ARK1,B3,U2,nein
45,1,K4,LZ03,M1,VZ11,DH3,SW5,BD2,ja,RH4,FG2,WS1,WD3,V2,A1,RK3,W3,ARK1,B3,U2,ja
46,0,K3,LZ04,M1,VZ9,DH3,SW5,BD4,ja,RH4,FG2,WS1,WD1,V4,A1,RK3,W1,ARK1,B3,U2,ja
47,1,K3,LZ03,M2,VZ6,DH4,SW1,BD3,ja,RH4,FG2,WS1,WD2,V4,A2,RK3,W1,ARK2,B3,U2,nein
48,0,K3,LZ04,M1,VZ11,DH3,SW1,BD2,ja,RH4,FG3,WS1,WD3,V4,A2,RK3,W1,ARK1,B3,U2,ja
49,0,K4,LZ04,M2,VZ9,DH3,SW1,BD4,ja,RH4,FG2,WS1,WD1,V4,A2,RK3,W1,ARK2,B3,U2,ja
50,0,K3,LZ02,M1,VZ11,DH2,SW5,BD3,ja,RH4,FG1,WS1,WD2,V4,A3,RK3,W1,ARK1,B2,U2,nein
51,0,K2,LZ06,M1,VZ3,DH5,SW5,BD3,ja,RH2,FG2,WS1,WD2,V4,A1,RK3,W1,ARK1,B3,U2,ja
52,0,K3,LZ02,M2,VZ11,DH3,SW5,BD3,ja,RH3,FG2,WS1,WD1,V4,A2,RK3,W1,ARK2,B3,U2,nein
53,0,K3,LZ02,M2,VZ3,DH4,SW4,BD5,ja,RH1,FG2,WS2,WD4,V4,A3,RK3,W1,ARK1,B3,U2,ja
54,0,K3,LZ04,M1,VZ1,DH6,SW4,BD5,ja,RH3,FG2,WS1,WD4,V2,A3,RK3,W1,ARK1,B4,U1,ja
55,0,K4,LZ02,M2,VZ3,DH1,SW5,BD4,ja,RH4,FG2,WS1,WD3,V4,A3,RK3,W1,ARK4,B2,U2,ja
56,0,K3,LZ02,M2,VZ3,DH4,SW5,BD5,ja,RH2,FG2,WS1,WD4,V4,A4,RK3,W1,ARK2,B2,U2,ja
57,0,K4,LZ03,M1,VZ3,DH3,SW5,BD2,nein,RH4,FG3,WS1,WD2,V4,A2,RK3,W1,ARK1,B3,U2,nein
58,0,K3,LZ04,M1,VZ3,DH5,SW4,BD5,ja,RH4,FG2,WS1,WD3,V3,A3,RK3,W1,ARK1,B3,U2,ja
59,0,K3,LZ06,M1,VZ11,DH5,SW4,BD3,ja,RH4,FG2,WS1,WD4,V4,A2,RK3,W1,ARK1,B3,U2,nein
60,0,K3,LZ02,M2,VZ11,DH3,SW2,BD3,ja,RH4,FG2,WS1,WD4,V4,A3,RK3,W1,ARK1,B3,U2,ja
61,0,K3,LZ04,M1,VZ1,DH5,SW5,BD2,ja,RH4,FG2,WS1,WD1,V1,A2,RK3,W1,ARK1,B4,U2,ja
62,0,K3,LZ08,M2,VZ3,DH5,SW4,BD5,ja,RH4,FG2,WS1,WD1,V4,A3,RK3,W1,ARK1,B3,U2,ja
63,0,K3,LZ06,M3,VZ11,DH8,SW5,BD5,ja,RH2,FG2,WS1,WD2,V2,A3,RK3,W1,ARK2,B3,U1,ja
64,0,K4,LZ02,M3,VZ11,DH3,SW5,BD3,ja,RH4,FG2,WS1,WD2,V4,A3,RK3,W1,ARK2,B2,U1,nein
65,0,K3,LZ01,M2,VZ3,DH3,SW1,BD3,ja,RH1,FG2,WS1,WD1,V3,A2,RK3,W1,ARK2,B3,U2,nein
66,0,K3,LZ02,M1,VZ3,DH5,SW5,BD3,ja,RH2,FG2,WS1,WD4,V2,A3,RK3,W1,ARK1,B3,U2,ja
67,0,K3,LZ04,M1,VZ3,DH4,SW5,BD4,ja,RH4,FG2,WS1,WD2,V2,A2,RK3,W1,ARK1,B3,U2,ja
68,0,K1,LZ02,M1,VZ3,DH4,SW5,BD3,ja,RH1,FG2,WS1,WD1,V2,A1,RK3,W1,ARK1,B3,U2,ja
69,0,K3,LZ04,M3,VZ11,DH4,SW5,BD5,ja,RH4,FG2,WS1,WD4,V1,A4,RK3,W2,ARK2,B3,U2,ja
70,0,K1,LZ04,M2,VZ2,DH5,SW3,BD4,ja,RH3,FG2,WS1,WD2,V2,A2,RK3,W1,ARK2,B3,U2,ja
71,0,K3,LZ05,M1,VZ3,DH4,SW4,BD5,ja,RH4,FG2,WS1,WD4,V2,A3,RK3,W1,ARK1,B3,U2,ja
72,0,K3,LZ06,M1,VZ3,DH4,SW2,BD5,ja,RH4,FG2,WS1,WD4,V2,A2,RK3,W1,ARK1,B3,U2,nein
73,0,K3,LZ04,M1,VZ2,DH2,SW4,BD4,ja,RH4,FG2,WS1,WD2,V2,A2,RK2,W1,ARK1,B3,U2,ja
74,0,K2,LZ02,M1,VZ3,DH5,SW4,BD5,ja,RH2,FG2,WS1,WD3,V2,A2,RK3,W1,ARK1,B4,U2,nein
75,0,K1,LZ02,M1,VZ2,DH4,SW4,BD4,ja,RH2,FG2,WS1,WD1,V2,A1,RK3,W1,ARK1,B3,U2,ja
76,0,K3,LZ04,M2,VZ1,DH5,SW5,BD5,ja,RH1,FG2,WS1,WD4,V2,A2,RK3,W1,ARK1,B4,U2,ja
77,0,K3,LZ04,M2,VZ11,DH4,SW3,BD5,ja,RH4,FG2,WS1,WD4,V4,A4,RK3,W1,ARK1,B3,U2,ja
78,0,K4,LZ04,M2,VZ11,DH4,SW5,BD5,ja,RH4,FG3,WS1,WD3,V2,A2,RK3,W1,ARK2,B3,U2,ja
79,0,K3,LZ03,M1,VZ3,DH4,SW4,BD5,ja,RH4,FG2,WS1,WD2,V2,A2,RK3,W1,ARK1,B3,U2,nein
80,0,K3,LZ04,M2,VZ11,DH4,SW5,BD3,ja,RH4,FG2,WS1,WD4,V2,A2,RK3,W1,ARK1,B3,U2,ja
81,0,K3,LZ06,M2,VZ3,DH5,SW4,BD5,ja,RH4,FG2,WS1,WD2,V2,A3,RK3,W1,ARK1,B3,U2,ja
82,0,K1,LZ03,M1,VZ11,DH6,SW1,BD3,ja,RH2,FG2,WS1,WD2,V2,A2,RK3,W1,ARK2,B3,U2,ja
83,0,K2,LZ03,M2,VZ1,DH4,SW2,BD3,ja,RH2,FG2,WS1,WD2,V2,A2,RK3,W1,ARK1,B3,U2,ja
84,0,K3,LZ03,M2,VZ2,DH4,SW4,BD5,ja,RH4,FG2,WS1,WD4,V3,A4,RK3,W1,ARK1,B3,U2,nein
85,0,K4,LZ02,M1,VZ11,DH5,SW3,BD3,ja,RH1,FG2,WS1,WD3,V3,A2,RK3,W1,ARK1,B3,U1,nein
86,0,K3,LZ04,M2,VZ1,DH4,SW5,BD4,ja,RH4,FG2,WS1,WD3,V2,A2,RK3,W1,ARK2,B3,U2,ja
87,0,K3,LZ06,M3,VZ3,DH5,SW5,BD3,ja,RH4,FG2,WS1,WD4,V4,A2,RK3,W1,ARK2,B3,U2,nein
88,0,K4,LZ01,M2,VZ11,DH2,SW3,BD4,ja,RH3,FG2,WS1,WD4,V4,A2,RK3,W1,ARK2,B2,U2,ja
89,0,K1,LZ04,M3,VZ11,DH4,SW4,BD3,ja,RH4,FG2,WS1,WD4,V2,A3,RK3,W3,ARK2,B3,U2,ja
90,0,K1,LZ02,M2,VZ11,DH4,SW1,BD2,ja,RH4,FG2,WS1,WD1,V2,A2,RK3,W1,ARK1,B3,U2,nein
91,0,K1,LZ05,M1,VZ3,DH5,SW4,BD5,ja,RH2,FG2,WS1,WD4,V2,A1,RK3,W1,ARK1,B3,U2,nein
92,0,K1,LZ05,M4,VZ9,DH5,SW5,BD3,ja,RH2,FG2,WS1,WD1,V2,A2,RK3,W1,ARK2,B3,U2,nein
93,0,K4,LZ02,M1,VZ3,DH3,SW5,BD4,ja,RH3,FG2,WS1,WD4,V4,A3,RK3,W1,ARK1,B3,U2,nein
94,0,K1,LZ03,M2,VZ2,DH6,SW5,BD5,ja,RH2,FG2,WS1,WD1,V1,A3,RK3,W1,ARK1,B3,U2,ja
95,0,K3,LZ05,M2,VZ2,DH5,SW3,BD2,ja,RH4,FG2,WS1,WD2,V4,A2,RK2,W1,ARK2,B2,U1,ja
96,0,K1,LZ02,M2,VZ3,DH5,SW5,BD3,ja,RH1,FG2,WS1,WD1,V4,A1,RK3,W1,ARK1,B2,U2,nein
97,1,K1,LZ06,M3,VZ9,DH5,SW5,BD3,ja,RH2,FG1,WS1,WD2,V4,A2,RK2,W1,ARK2,B4,U2,ja
98,0,K4,LZ02,M1,VZ2,DH4,SW5,BD3,ja,RH3,FG2,WS1,WD2,V4,A1,RK3,W1,ARK1,B3,U2,nein
99,0,K1,LZ07,M2,VZ9,DH6,SW5,BD4,ja,RH2,FG2,WS1,WD1,V4,A3,RK1,W1,ARK2,B2,U2,nein
100,0,K3,LZ04,M2,VZ2,DH5,SW3,BD3,ja,RH4,FG2,WS1,WD4,V4,A3,RK3,W1,ARK1,B3,U2,ja
101,0,K4,LZ03,M1,VZ9,DH2,SW5,BD3,ja,RH4,FG2,WS1,WD4,V3,A1,RK3,W1,ARK1,B2,U2,nein
102,0,K1,LZ04,M3,VZ9,DH5,SW4,BD3,ja,RH4,FG2,WS1,WD2,V3,A2,RK1,W1,ARK2,B4,U2,ja
103,0,K1,LZ06,M3,VZ11,DH6,SW5,BD3,ja,RH2,FG2,WS1,WD2,V3,A3,RK3,W3,ARK1,B3,U2,nein
104,0,K3,LZ04,M2,VZ3,DH4,SW5,BD4,ja,RH4,FG3,WS3,WD2,V2,A2,RK3,W1,ARK2,B3,U2,ja
105,0,K3,LZ04,M1,VZ11,DH3,SW5,BD3,ja,RH2,FG2,WS3,WD2,V4,A2,RK3,W1,ARK1,B3,U2,ja
106,0,K3,LZ02,M2,VZ9,DH3,SW5,BD3,ja,RH4,FG2,WS3,WD2,V4,A2,RK3,W1,ARK2,B4,U2,ja
107,0,K3,LZ03,M1,VZ3,DH3,SW5,BD2,ja,RH3,FG3,WS1,WD4,V4,A2,RK3,W1,ARK1,B3,U2,ja
108,0,K3,LZ04,M1,VZ3,DH4,SW5,BD2,ja,RH4,FG2,WS1,WD3,V2,A2,RK2,W1,ARK1,B3,U2,ja
109,0,K3,LZ02,M2,VZ6,DH4,SW4,BD4,ja,RH4,FG2,WS1,WD2,V2,A4,RK3,W1,ARK1,B3,U2,nein
110,1,K4,LZ03,M1,VZ11,DH5,SW5,BD3,ja,RH3,FG2,WS1,WD2,V3,A2,RK3,W1,ARK1,B3,U2,ja
111,0,K4,LZ01,M1,VZ2,DH1,SW5,BD5,ja,RH2,FG2,WS1,WD1,V3,A3,RK1,W1,ARK1,B3,U2,ja
112,0,K1,LZ02,M2,VZ11,DH4,SW2,BD4,ja,RH3,FG1,WS1,WD3,V2,A2,RK3,W1,ARK1,B4,U2,ja
113,0,K3,LZ02,M1,VZ2,DH2,SW5,BD3,ja,RH4,FG2,WS1,WD1,V4,A2,RK3,W1,ARK1,B3,U2,ja
114,0,K1,LZ04,M1,VZ2,DH5,SW4,BD4,ja,RH2,FG2,WS1,WD3,V2,A2,RK3,W1,ARK1,B3,U2,ja
115,0,K1,LZ03,M1,VZ11,DH6,SW5,BD4,ja,RH3,FG2,WS1,WD3,V4,A2,RK3,W3,ARK1,B2,U2,nein
116,0,K1,LZ02,M2,VZ2,DH4,SW5,BD4,ja,RH4,FG2,WS1,WD3,V2,A2,RK3,W3,ARK1,B3,U2,ja
117,0,K3,LZ04,M1,VZ1,DH5,SW3,BD3,ja,RH2,FG2,WS1,WD4,V2,A2,RK3,W3,ARK1,B3,U2,ja
118,0,K3,LZ02,M2,VZ6,DH2,SW2,BD5,ja,RH4,FG2,WS1,WD2,V2,A3,RK3,W1,ARK2,B3,U2,ja
119,0,K3,LZ04,M1,VZ2,DH5,SW2,BD5,ja,RH4,FG2,WS1,WD3,V1,A2,RK3,W3,ARK1,B3,U2,ja
120,0,K1,LZ06,M1,VZ3,DH5,SW5,BD2,ja,RH4,FG2,WS1,WD1,V1,A2,RK3,W1,ARK1,B4,U2,ja
121,0,K3,LZ06,M2,VZ1,DH6,SW5,BD5,ja,RH2,FG2,WS1,WD2,V3,A2,RK3,W1,ARK2,B3,U1,ja
122,0,K1,LZ01,M1,VZ3,DH4,SW5,BD2,ja,RH4,FG3,WS1,WD3,V2,A2,RK3,W3,ARK1,B4,U2,ja
123,0,K3,LZ03,M2,VZ3,DH3,SW5,BD3,ja,RH4,FG2,WS1,WD2,V2,A3,RK3,W1,ARK1,B2,U2,nein
124,0,K3,LZ03,M1,VZ3,DH3,SW2,BD5,ja,RH4,FG2,WS1,WD3,V3,A3,RK2,W1,ARK1,B3,U2,ja
125,0,K3,LZ04,M2,VZ3,DH6,SW5,BD2,ja,RH3,FG3,WS1,WD3,V1,A3,RK3,W2,ARK3,B3,U2,ja
126,0,K3,LZ03,M1,VZ4,DH2,SW4,BD2,ja,RH4,FG2,WS1,WD1,V4,A1,RK3,W1,ARK1,B3,U2,nein
127,0,K3,LZ01,M1,VZ2,DH5,SW2,BD3,ja,RH1,FG2,WS1,WD2,V2,A2,RK3,W1,ARK1,B3,U2,ja
128,0,K3,LZ03,M1,VZ11,DH4,SW5,BD3,ja,RH2,FG3,WS1,WD2,V3,A2,RK3,W1,ARK1,B4,U2,ja
129,0,K3,LZ04,M2,VZ3,DH5,SW1,BD5,ja,RH3,FG2,WS1,WD4,V4,A2,RK3,W1,ARK1,B3,U1,ja
130,0,K2,LZ04,M1,VZ2,DH4,SW5,BD3,ja,RH2,FG2,WS1,WD2,V4,A2,RK3,W1,ARK1,B3,U2,nein
131,0,K3,LZ03,M1,VZ2,DH5,SW5,BD3,ja,RH3,FG2,WS1,WD4,V4,A3,RK3,W1,ARK1,B3,U2,ja
132,0,K2,LZ01,M1,VZ2,DH4,SW5,BD3,ja,RH2,FG2,WS1,WD2,V4,A3,RK3,W1,ARK1,B3,U2,ja
133,0,K3,LZ03,M1,VZ3,DH3,SW5,BD2,ja,RH3,FG2,WS1,WD1,V4,A2,RK3,W1,ARK1,B3,U2,nein
134,0,K3,LZ02,M1,VZ11,DH3,SW5,BD3,ja,RH2,FG2,WS1,WD4,V2,A4,RK3,W1,ARK1,B3,U2,ja
135,0,K3,LZ01,M1,VZ2,DH4,SW3,BD3,ja,RH4,FG1,WS1,WD2,V4,A2,RK3,W1,ARK1,B3,U2,nein
136,0,K1,LZ02,M1,VZ11,DH3,SW3,BD5,ja,RH4,FG2,WS1,WD4,V4,A3,RK3,W1,ARK1,B3,U2,ja
137,0,K4,LZ04,M5,VZ11,DH4,SW1,BD4,ja,RH2,FG2,WS1,WD3,V2,A2,RK1,W1,ARK1,B3,U2,nein
138,0,K1,LZ01,M2,VZ8,DH2,SW4,BD4,ja,RH1,FG2,WS1,WD3,V3,A2,RK3,W1,ARK2,B2,U2,nein
139,0,K2,LZ04,M2,VZ3,DH5,SW4,BD3,ja,RH3,FG2,WS1,WD2,V2,A2,RK3,W1,ARK2,B3,U2,ja
140,0,K3,LZ06,M1,VZ3,DH5,SW4,BD5,ja,RH2,FG2,WS1,WD4,V4,A3,RK3,W1,ARK1,B2,U2,ja
141,0,K3,LZ02,M1,VZ6,DH5,SW4,BD5,ja,RH1,FG2,WS1,WD4,V4,A4,RK3,W1,ARK1,B2,U2,nein
142,0,K1,LZ04,M1,VZ3,DH6,SW4,BD5,ja,RH2,FG2,WS1,WD4,V2,A3,RK3,W1,ARK1,B3,U2,ja
143,0,K3,LZ02,M2,VZ2,DH4,SW5,BD1,ja,RH2,FG2,WS1,WD3,V2,A2,RK3,W1,ARK1,B4,U2,nein
144,0,K3,LZ06,M1,VZ3,DH4,SW4,BD3,ja,RH4,FG2,WS1,WD4,V2,A1,RK3,W1,ARK1,B3,U2,nein
145,0,K3,LZ04,M1,VZ1,DH4,SW4,BD5,ja,RH4,FG2,WS1,WD4,V4,A3,RK3,W1,ARK1,B4,U2,ja
146,0,K4,LZ04,M1,VZ1,DH5,SW4,BD5,ja,RH4,FG2,WS1,WD4,V1,A3,RK1,W2,ARK1,B3,U1,ja
147,0,K4,LZ02,M1,VZ2,DH3,SW4,BD5,ja,RH2,FG1,WS1,WD4,V3,A3,RK3,W1,ARK1,B2,U2,ja
148,0,K3,LZ02,M1,VZ9,DH4,SW5,BD4,ja,RH2,FG2,WS1,WD4,V2,A2,RK3,W1,ARK1,B3,U2,ja
149,0,K1,LZ04,M2,VZ3,DH4,SW5,BD5,ja,RH4,FG2,WS1,WD2,V3,A3,RK3,W1,ARK2,B2,U2,nein
150,0,K2,LZ02,M5,VZ3,DH1,SW3,BD3,ja,RH3,FG2,WS1,WD3,V4,A3,RK3,W3,ARK2,B3,U2,nein
151,0,K3,LZ02,M1,VZ3,DH4,SW5,BD2,ja,RH2,FG2,WS1,WD2,V2,A2,RK1,W1,ARK1,B3,U2,nein
152,0,K3,LZ08,M2,VZ1,DH7,SW4,BD4,ja,RH2,FG2,WS1,WD1,V1,A2,RK3,W2,ARK2,B3,U2,ja
153,0,K1,LZ04,M1,VZ11,DH5,SW1,BD4,ja,RH2,FG2,WS1,WD3,V2,A2,RK1,W1,ARK2,B3,U2,ja
154,0,K1,LZ02,M1,VZ3,DH3,SW2,BD3,ja,RH3,FG1,WS1,WD1,V2,A2,RK3,W1,ARK1,B3,U2,ja
155,0,K3,LZ04,M2,VZ3,DH5,SW5,BD3,ja,RH4,FG2,WS1,WD2,V4,A2,RK3,W1,ARK2,B2,U2,nein
156,0,K4,LZ02,M1,VZ3,DH3,SW5,BD3,ja,RH4,FG2,WS1,WD1,V2,A1,RK1,W1,ARK1,B3,U2,nein
157,0,K3,LZ05,M2,VZ3,DH6,SW5,BD4,ja,RH3,FG2,WS2,WD2,V2,A2,RK3,W1,ARK1,B3,U2,nein
158,1,K1,LZ08,M5,VZ9,DH6,SW5,BD5,ja,RH4,FG2,WS1,WD3,V1,A3,RK3,W3,ARK1,B3,U2,nein
159,0,K1,LZ02,M2,VZ2,DH5,SW5,BD5,ja,RH1,FG2,WS1,WD4,V2,A2,RK3,W3,ARK3,B3,U2,ja
160,0,K3,LZ02,M2,VZ3,DH3,SW5,BD3,ja,RH4,FG2,WS1,WD2,V3,A2,RK3,W1,ARK2,B3,U2,nein
161,0,K2,LZ04,M2,VZ9,DH3,SW3,BD3,ja,RH2,FG1,WS1,WD4,V4,A2,RK3,W1,ARK2,B3,U2,ja
162,0,K3,LZ04,M1,VZ2,DH5,SW5,BD4,ja,RH2,FG2,WS1,WD4,V3,A1,RK3,W3,ARK1,B3,U2,ja
163,0,K3,LZ03,M2,VZ2,DH5,SW5,BD3,ja,RH4,FG2,WS1,WD2,V1,A2,RK3,W2,ARK1,B3,U2,ja
164,0,K2,LZ03,M1,VZ6,DH1,SW5,BD2,ja,RH4,FG2,WS1,WD4,V3,A1,RK3,W3,ARK1,B3,U2,ja
165,0,K3,LZ02,M2,VZ11,DH4,SW5,BD3,ja,RH4,FG2,WS1,WD4,V2,A3,RK3,W1,ARK3,B3,U2,ja
166,0,K3,LZ05,M2,VZ3,DH6,SW5,BD4,ja,RH4,FG2,WS1,WD2,V2,A1,RK3,W1,ARK2,B3,U2,nein
167,0,K3,LZ04,M2,VZ9,DH5,SW5,BD3,ja,RH3,FG2,WS1,WD2,V4,A5,RK3,W1,ARK1,B4,U2,ja
168,0,K3,LZ03,M2,VZ2,DH5,SW5,BD4,ja,RH2,FG2,WS2,WD3,V2,A1,RK1,W1,ARK2,B3,U2,nein
169,0,K3,LZ01,M2,VZ3,DH3,SW5,BD3,ja,RH1,FG2,WS1,WD1,V2,A2,RK3,W1,ARK2,B3,U2,ja
170,0,K2,LZ06,M1,VZ3,DH6,SW5,BD3,ja,RH4,FG2,WS1,WD1,V2,A1,RK3,W1,ARK1,B3,U2,nein
171,1,K4,LZ02,M1,VZ11,DH3,SW5,BD3,ja,RH4,FG2,WS1,WD2,V4,A1,RK3,W1,ARK1,B2,U2,nein
172,0,K2,LZ02,M1,VZ3,DH3,SW5,BD3,ja,RH3,FG3,WS1,WD4,V4,A1,RK3,W3,ARK1,B3,U2,nein
173,0,K3,LZ04,M1,VZ3,DH4,SW5,BD4,ja,RH3,FG2,WS1,WD1,V2,A2,RK1,W1,ARK1,B3,U1,nein
174,0,K3,LZ02,M1,VZ3,DH4,SW5,BD4,ja,RH4,FG2,WS1,WD2,V2,A2,RK3,W3,ARK2,B4,U1,ja
175,0,K3,LZ04,M1,VZ3,DH5,SW2,BD5,ja,RH3,FG1,WS1,WD2,V2,A2,RK3,W1,ARK1,B4,U2,ja
176,0,K3,LZ04,M2,VZ9,DH5,SW1,BD3,ja,RH3,FG2,WS1,WD3,V3,A2,RK3,W1,ARK2,B2,U2,ja
177,0,K1,LZ02,M2,VZ1,DH4,SW1,BD2,ja,RH3,FG2,WS1,WD4,V3,A3,RK3,W1,ARK1,B3,U2,nein
178,0,K3,LZ03,M1,VZ9,DH4,SW5,BD4,ja,RH4,FG2,WS1,WD1,V2,A2,RK2,W1,ARK2,B3,U2,ja
179,0,K3,LZ08,M3,VZ3,DH8,SW2,BD4,ja,RH4,FG2,WS1,WD1,V2,A2,RK3,W1,ARK1,B4,U2,ja
180,0,K3,LZ02,M1,VZ4,DH3,SW5,BD2,ja,RH1,FG2,WS1,WD4,V4,A1,RK3,W3,ARK1,B3,U2,ja
181,0,K3,LZ03,M2,VZ11,DH3,SW5,BD2,ja,RH4,FG2,WS1,WD1,V3,A2,RK3,W1,ARK2,B3,U2,nein
182,0,K4,LZ05,M4,VZ9,DH7,SW4,BD2,ja,RH2,FG2,WS1,WD3,V2,A1,RK1,W1,ARK3,B3,U2,nein
183,0,K3,LZ05,M2,VZ3,DH5,SW5,BD3,ja,RH4,FG2,WS1,WD2,V2,A2,RK3,W1,ARK1,B3,U2,ja
184,0,K3,LZ02,M1,VZ9,DH3,SW5,BD4,ja,RH3,FG2,WS1,WD2,V2,A2,RK3,W1,ARK2,B3,U2,nein
185,0,K3,LZ06,M1,VZ9,DH6,SW1,BD4,ja,RH2,FG2,WS1,WD2,V2,A2,RK3,W1,ARK2,B3,U2,ja
186,0,K3,LZ02,M1,VZ11,DH4,SW4,BD5,ja,RH4,FG2,WS1,WD3,V2,A3,RK3,W1,ARK1,B3,U2,ja
187,0,K3,LZ04,M1,VZ3,DH5,SW2,BD5,ja,RH3,FG2,WS1,WD2,V2,A2,RK3,W1,ARK1,B3,U1,ja
188,0,K1,LZ06,M1,VZ6,DH4,SW5,BD4,ja,RH3,FG2,WS1,WD1,V2,A2,RK3,W1,ARK2,B3,U1,nein
189,0,K2,LZ04,M1,VZ11,DH5,SW1,BD3,ja,RH1,FG2,WS1,WD1,V2,A2,RK1,W1,ARK1,B4,U2,ja
190,0,K3,LZ04,M1,VZ3,DH4,SW1,BD3,ja,RH4,FG2,WS1,WD4,V2,A2,RK3,W3,ARK1,B4,U2,ja
191,0,K1,LZ06,M1,VZ6,DH5,SW4,BD3,ja,RH2,FG3,WS1,WD2,V2,A2,RK3,W1,ARK1,B3,U2,nein
192,0,K1,LZ08,M1,VZ11,DH7,SW4,BD4,ja,RH1,FG2,WS1,WD2,V2,A1,RK3,W1,ARK1,B3,U2,nein
193,0,K3,LZ04,M1,VZ11,DH4,SW4,BD2,ja,RH4,FG2,WS1,WD1,V3,A3,RK3,W1,ARK1,B3,U2,nein
194,0,K3,LZ02,M1,VZ3,DH3,SW5,BD3,ja,RH3,FG2,WS1,WD2,V2,A1,RK3,W1,ARK1,B3,U2,nein
195,0,K3,LZ06,M2,VZ1,DH6,SW5,BD4,ja,RH3,FG2,WS1,WD2,V2,A2,RK3,W1,ARK2,B4,U2,ja
196,0,K3,LZ01,M2,VZ11,DH6,SW5,BD4,ja,RH1,FG2,WS1,WD3,V1,A3,RK3,W1,ARK2,B4,U1,ja
197,0,K3,LZ03,M2,VZ2,DH4,SW5,BD3,ja,RH4,FG2,WS1,WD2,V1,A2,RK3,W1,ARK2,B3,U2,nein
198,0,K3,LZ02,M1,VZ3,DH4,SW1,BD4,ja,RH3,FG2,WS1,WD1,V1,A2,RK3,W1,ARK1,B3,U2,nein
199,0,K3,LZ08,M5,VZ9,DH5,SW5,BD3,ja,RH1,FG2,WS1,WD1,V4,A2,RK2,W1,ARK1,B3,U2,nein
200,0,K3,LZ05,M1,VZ3,DH4,SW2,BD5,ja,RH4,FG2,WS1,WD2,V2,A2,RK1,W1,ARK1,B4,U2,nein
201,0,K3,LZ05,M5,VZ1,DH7,SW4,BD2,ja,RH3,FG2,WS3,WD4,V4,A3,RK1,W3,ARK2,B3,U1,ja
202,0,K2,LZ03,M5,VZ3,DH3,SW4,BD4,ja,RH4,FG2,WS1,WD4,V2,A3,RK1,W1,ARK1,B2,U2,nein
203,0,K4,LZ04,M1,VZ2,DH7,SW4,BD2,nein,RH1,FG2,WS1,WD2,V3,A2,RK3,W1,ARK1,B3,U2,ja
204,0,K4,LZ04,M1,VZ11,DH5,SW4,BD4,nein,RH2,FG2,WS2,WD2,V4,A1,RK3,W1,ARK1,B2,U2,nein
205,0,K1,LZ03,M1,VZ9,DH5,SW5,BD5,ja,RH1,FG2,WS2,WD1,V4,A2,RK1,W1,ARK1,B4,U2,ja
206,0,K4,LZ02,M1,VZ3,DH3,SW5,BD3,ja,RH2,FG2,WS1,WD2,V4,A1,RK3,W3,ARK1,B4,U1,ja
207,0,K1,LZ03,M1,VZ3,DH3,SW4,BD2,ja,RH4,FG2,WS1,WD1,V3,A1,RK3,W1,ARK1,B3,U2,nein
208,0,K1,LZ08,M5,VZ11,DH8,SW4,BD1,ja,RH4,FG2,WS2,WD4,V1,A2,RK3,W2,ARK1,B4,U2,ja
209,0,K3,LZ02,M1,VZ3,DH5,SW1,BD5,ja,RH3,FG2,WS2,WD4,V2,A2,RK3,W1,ARK1,B3,U2,ja
210,0,K2,LZ01,M1,VZ11,DH3,SW4,BD2,nein,RH1,FG2,WS1,WD2,V4,A2,RK3,W1,ARK1,B2,U1,nein
211,0,K4,LZ04,M5,VZ2,DH5,SW2,BD3,ja,RH4,FG2,WS1,WD4,V4,A1,RK2,W1,ARK1,B3,U2,ja
212,0,K4,LZ04,M5,VZ2,DH4,SW2,BD3,ja,RH4,FG2,WS1,WD4,V4,A1,RK2,W1,ARK1,B3,U2,ja
213,0,K2,LZ01,M2,VZ11,DH3,SW5,BD3,nein,RH1,FG2,WS1,WD1,V4,A5,RK3,W1,ARK3,B1,U1,nein
214,0,K1,LZ02,M1,VZ11,DH4,SW4,BD2,ja,RH4,FG2,WS1,WD2,V4,A2,RK3,W1,ARK1,B1,U2,nein
215,0,K2,LZ02,M1,VZ11,DH5,SW5,BD2,ja,RH1,FG2,WS3,WD1,V3,A2,RK3,W1,ARK1,B2,U1,nein
216,0,K3,LZ02,M1,VZ1,DH5,SW4,BD2,ja,RH1,FG2,WS1,WD4,V4,A2,RK3,W3,ARK1,B3,U2,nein
217,0,K2,LZ01,M1,VZ11,DH2,SW3,BD2,nein,RH2,FG3,WS1,WD2,V4,A2,RK3,W1,ARK1,B1,U2,nein
218,0,K4,LZ08,M1,VZ11,DH8,SW5,BD2,ja,RH1,FG2,WS1,WD1,V4,A2,RK3,W1,ARK1,B2,U2,ja
219,0,K3,LZ02,M1,VZ11,DH3,SW4,BD5,nein,RH4,FG2,WS2,WD2,V3,A3,RK3,W1,ARK1,B2,U2,nein
220,0,K4,LZ03,M5,VZ3,DH4,SW5,BD2,ja,RH3,FG2,WS2,WD4,V1,A2,RK1,W2,ARK1,B4,U2,ja
221,0,K2,LZ05,M2,VZ3,DH5,SW4,BD5,ja,RH4,FG2,WS1,WD4,V3,A3,RK2,W1,ARK2,B2,U2,nein
222,0,K3,LZ04,M3,VZ1,DH5,SW5,BD4,ja,RH3,FG2,WS1,WD3,V2,A2,RK3,W1,ARK2,B2,U2,ja
223,0,K3,LZ05,M3,VZ1,DH7,SW3,BD3,ja,RH2,FG2,WS1,WD2,V2,A2,RK3,W1,ARK2,B3,U2,nein
224,0,K4,LZ03,M1,VZ2,DH5,SW3,BD3,ja,RH4,FG2,WS1,WD2,V2,A2,RK3,W1,ARK1,B3,U2,nein
225,0,K3,LZ04,M2,VZ3,DH4,SW3,BD3,ja,RH4,FG2,WS1,WD1,V4,A3,RK3,W1,ARK2,B2,U2,nein
226,0,K4,LZ03,M1,VZ11,DH5,SW1,BD3,ja,RH3,FG2,WS1,WD4,V2,A2,RK3,W1,ARK1,B2,U1,ja
227,0,K3,LZ03,M3,VZ11,DH2,SW5,BD3,ja,RH4,FG2,WS1,WD2,V2,A2,RK3,W1,ARK2,B2,U2,nein
228,0,K3,LZ04,M1,VZ9,DH4,SW3,BD5,ja,RH4,FG2,WS1,WD4,V4,A2,RK1,W1,ARK1,B2,U2,nein
229,0,K1,LZ08,M5,VZ9,DH5,SW1,BD4,ja,RH4,FG2,WS1,WD2,V2,A2,RK3,W1,ARK1,B3,U2,nein
230,0,K3,LZ04,M1,VZ3,DH3,SW5,BD5,ja,RH4,FG2,WS1,WD1,V4,A2,RK3,W1,ARK1,B4,U2,ja
231,0,K3,LZ01,M4,VZ3,DH1,SW5,BD5,ja,RH4,FG3,WS1,WD4,V2,A2,RK3,W1,ARK1,B2,U2,nein
232,0,K3,LZ07,M1,VZ1,DH7,SW1,BD5,ja,RH4,FG2,WS1,WD2,V2,A3,RK3,W1,ARK1,B4,U2,ja
233,0,K4,LZ05,M1,VZ1,DH5,SW5,BD3,ja,RH4,FG1,WS1,WD4,V3,A3,RK3,W1,ARK1,B4,U2,ja
234,1,K1,LZ02,M1,VZ11,DH2,SW5,BD4,ja,RH2,FG3,WS1,WD3,V2,A1,RK1,W1,ARK1,B2,U2,nein
235,0,K4,LZ04,M1,VZ3,DH4,SW5,BD5,ja,RH4,FG2,WS1,WD4,V2,A3,RK3,W1,ARK1,B3,U2,nein
236,0,K3,LZ04,M1,VZ2,DH4,SW5,BD5,ja,RH4,FG2,WS1,WD2,V4,A3,RK3,W1,ARK2,B3,U2,nein
237,0,K4,LZ04,M1,VZ3,DH4,SW5,BD5,ja,RH4,FG2,WS1,WD4,V4,A4,RK1,W3,ARK1,B2,U2,nein
238,0,K3,LZ01,M1,VZ2,DH2,SW5,BD2,ja,RH1,FG2,WS1,WD3,V4,A1,RK3,W3,ARK1,B2,U1,nein
239,0,K3,LZ07,M1,VZ1,DH5,SW2,BD3,ja,RH4,FG2,WS1,WD4,V2,A1,RK3,W1,ARK1,B3,U2,nein
240,0,K3,LZ03,M2,VZ3,DH3,SW2,BD3,ja,RH2,FG3,WS1,WD2,V3,A3,RK3,W1,ARK2,B2,U2,nein
241,0,K3,LZ10,M1,VZ11,DH8,SW5,BD5,ja,RH2,FG2,WS1,WD4,V3,A3,RK3,W1,ARK1,B4,U2,ja
242,0,K3,LZ03,M1,VZ9,DH4,SW1,BD3,ja,RH3,FG2,WS1,WD4,V3,A1,RK3,W3,ARK1,B2,U2,nein
243,0,K3,LZ03,M2,VZ3,DH2,SW2,BD5,ja,RH4,FG2,WS1,WD3,V3,A2,RK1,W1,ARK2,B4,U2,ja
244,0,K3,LZ01,M5,VZ3,DH4,SW2,BD5,ja,RH2,FG2,WS1,WD4,V3,A3,RK1,W1,ARK1,B2,U1,nein
245,0,K3,LZ04,M1,VZ1,DH5,SW1,BD4,ja,RH3,FG2,WS1,WD4,V2,A1,RK3,W1,ARK1,B3,U2,nein
246,0,K3,LZ03,M2,VZ3,DH4,SW5,BD3,ja,RH4,FG2,WS1,WD2,V2,A1,RK3,W1,ARK2,B3,U2,nein
247,0,K3,LZ04,M3,VZ2,DH5,SW1,BD3,ja,RH2,FG2,WS1,WD3,V3,A2,RK3,W1,ARK2,B3,U2,nein
248,0,K1,LZ03,M1,VZ5,DH5,SW1,BD3,ja,RH3,FG2,WS1,WD2,V4,A1,RK3,W1,ARK1,B2,U2,nein
249,0,K3,LZ04,M1,VZ1,DH6,SW4,BD3,ja,RH1,FG2,WS1,WD3,V2,A2,RK3,W1,ARK1,B3,U2,nein
250,0,K1,LZ03,M3,VZ11,DH5,SW4,BD5,ja,RH4,FG2,WS1,WD4,V2,A3,RK3,W1,ARK1,B3,U1,nein
251,0,K1,LZ03,M3,VZ5,DH6,SW5,BD3,ja,RH2,FG2,WS1,WD4,V4,A3,RK3,W1,ARK1,B2,U1,ja
252,0,K3,LZ02,M1,VZ3,DH2,SW5,BD5,ja,RH4,FG2,WS1,WD4,V2,A2,RK3,W1,ARK1,B3,U2,nein
253,0,K3,LZ06,M1,VZ3,DH5,SW5,BD5,ja,RH4,FG2,WS1,WD2,V2,A2,RK3,W1,ARK1,B3,U2,nein
254,0,K3,LZ06,M2,VZ1,DH6,SW3,BD5,ja,RH4,FG2,WS1,WD2,V2,A2,RK3,W1,ARK2,B4,U2,ja
255,0,K2,LZ03,M1,VZ9,DH5,SW5,BD4,ja,RH2,FG2,WS1,WD4,V3,A2,RK3,W3,ARK1,B3,U2,ja
256,0,K4,LZ03,M3,VZ2,DH5,SW5,BD5,ja,RH1,FG2,WS1,WD4,V3,A2,RK3,W1,ARK2,B2,U2,nein
257,0,K3,LZ02,M2,VZ2,DH4,SW5,BD2,ja,RH1,FG2,WS1,WD3,V4,A1,RK3,W3,ARK2,B3,U2,nein
258,0,K4,LZ02,M1,VZ3,DH4,SW5,BD5,ja,RH3,FG2,WS1,WD4,V4,A3,RK3,W1,ARK1,B2,U2,nein
259,0,K3,LZ01,M1,VZ9,DH5,SW5,BD4,ja,RH1,FG2,WS1,WD4,V4,A5,RK3,W1,ARK1,B2,U2,nein
260,0,K3,LZ03,M1,VZ2,DH5,SW5,BD2,ja,RH2,FG2,WS1,WD3,V3,A2,RK1,W1,ARK2,B2,U2,nein
261,0,K3,LZ02,M2,VZ11,DH3,SW5,BD2,ja,RH4,FG2,WS1,WD4,V2,A2,RK3,W1,ARK2,B4,U2,nein
262,0,K2,LZ02,M1,VZ2,DH3,SW5,BD2,ja,RH4,FG2,WS1,WD2,V3,A1,RK3,W1,ARK1,B3,U2,nein
263,0,K3,LZ02,M1,VZ2,DH3,SW5,BD5,ja,RH1,FG2,WS1,WD4,V2,A1,RK3,W1,ARK1,B3,U2,nein
264,0,K3,LZ02,M1,VZ3,DH3,SW5,BD2,ja,RH4,FG2,WS1,WD3,V2,A2,RK3,W1,ARK1,B3,U1,nein
265,0,K3,LZ04,M1,VZ3,DH5,SW2,BD5,ja,RH3,FG2,WS1,WD4,V2,A3,RK3,W1,ARK1,B3,U2,nein
266,0,K1,LZ02,M1,VZ3,DH4,SW5,BD3,ja,RH2,FG2,WS1,WD2,V4,A2,RK3,W1,ARK1,B2,U1,nein
267,0,K3,LZ06,M1,VZ11,DH2,SW2,BD5,ja,RH4,FG2,WS1,WD4,V3,A2,RK3,W1,ARK1,B3,U2,nein
268,0,K3,LZ02,M2,VZ2,DH3,SW5,BD2,ja,RH2,FG2,WS1,WD4,V3,A1,RK3,W3,ARK2,B2,U2,nein
269,0,K3,LZ03,M5,VZ3,DH4,SW1,BD5,ja,RH4,FG2,WS1,WD4,V2,A2,RK1,W1,ARK1,B2,U1,nein
270,0,K3,LZ01,M1,VZ1,DH3,SW2,BD3,ja,RH2,FG2,WS1,WD4,V3,A3,RK3,W3,ARK1,B3,U2,nein
271,0,K3,LZ06,M3,VZ2,DH7,SW2,BD4,ja,RH2,FG2,WS1,WD4,V2,A3,RK3,W1,ARK2,B3,U2,ja
272,0,K3,LZ01,M1,VZ5,DH2,SW2,BD4,ja,RH2,FG3,WS1,WD4,V4,A1,RK3,W3,ARK1,B2,U2,nein
273,0,K3,LZ04,M1,VZ2,DH5,SW2,BD5,ja,RH3,FG2,WS1,WD4,V3,A3,RK3,W1,ARK1,B3,U2,nein
274,0,K3,LZ04,M1,VZ1,DH5,SW5,BD5,ja,RH4,FG2,WS1,WD4,V2,A2,RK3,W1,ARK1,B4,U2,ja
275,0,K3,LZ02,M5,VZ8,DH5,SW2,BD3,ja,RH4,FG2,WS1,WD3,V4,A2,RK3,W1,ARK1,B2,U1,nein
276,0,K3,LZ03,M1,VZ3,DH5,SW5,BD5,ja,RH4,FG2,WS1,WD2,V2,A3,RK1,W3,ARK1,B4,U2,ja
277,0,K1,LZ04,M2,VZ9,DH5,SW5,BD4,ja,RH2,FG2,WS1,WD3,V3,A2,RK3,W1,ARK2,B3,U2,nein
278,0,K4,LZ04,M1,VZ3,DH5,SW5,BD3,ja,RH2,FG2,WS1,WD4,V2,A2,RK3,W1,ARK1,B3,U2,nein
279,0,K2,LZ02,M1,VZ3,DH3,SW1,BD5,ja,RH2,FG1,WS1,WD4,V4,A3,RK3,W1,ARK1,B3,U2,nein
280,0,K2,LZ01,M3,VZ3,DH2,SW5,BD2,ja,RH2,FG2,WS1,WD1,V3,A2,RK1,W1,ARK1,B3,U2,nein
281,0,K2,LZ02,M1,VZ2,DH4,SW5,BD3,ja,RH1,FG2,WS1,WD2,V2,A3,RK3,W1,ARK1,B2,U2,nein
282,0,K3,LZ02,M1,VZ1,DH5,SW4,BD2,ja,RH1,FG2,WS1,WD4,V2,A1,RK3,W3,ARK1,B3,U2,nein
283,0,K1,LZ04,M3,VZ11,DH4,SW5,BD3,ja,RH1,FG1,WS1,WD4,V3,A3,RK3,W1,ARK2,B3,U2,nein
284,0,K4,LZ04,M1,VZ3,DH5,SW3,BD2,ja,RH4,FG2,WS1,WD2,V2,A2,RK1,W1,ARK1,B3,U2,nein
285,0,K3,LZ01,M1,VZ11,DH2,SW5,BD1,ja,RH1,FG2,WS1,WD4,V4,A3,RK3,W1,ARK1,B1,U2,ja
286,0,K4,LZ01,M2,VZ3,DH1,SW2,BD5,ja,RH4,FG2,WS1,WD4,V2,A3,RK3,W1,ARK2,B3,U2,nein
287,0,K3,LZ02,M1,VZ3,DH5,SW5,BD3,ja,RH1,FG2,WS1,WD2,V4,A2,RK3,W1,ARK1,B3,U1,nein
288,0,K3,LZ02,M1,VZ11,DH5,SW2,BD5,ja,RH2,FG2,WS1,WD4,V1,A3,RK3,W2,ARK1,B2,U2,nein
289,0,K3,LZ03,M3,VZ3,DH3,SW5,BD3,ja,RH4,FG3,WS1,WD3,V4,A2,RK1,W1,ARK2,B3,U2,nein
290,0,K3,LZ02,M2,VZ6,DH5,SW4,BD2,ja,RH2,FG2,WS1,WD1,V3,A2,RK3,W1,ARK2,B2,U1,nein
291,0,K3,LZ03,M1,VZ2,DH4,SW2,BD3,ja,RH2,FG2,WS1,WD4,V2,A1,RK3,W3,ARK1,B3,U2,nein
292,0,K3,LZ01,M2,VZ3,DH4,SW4,BD3,ja,RH1,FG2,WS1,WD2,V4,A2,RK3,W1,ARK2,B2,U1,nein
293,0,K1,LZ01,M3,VZ9,DH3,SW1,BD5,ja,RH1,FG1,WS1,WD2,V2,A2,RK1,W1,ARK2,B3,U1,nein
294,0,K3,LZ03,M3,VZ2,DH2,SW3,BD4,ja,RH3,FG2,WS1,WD2,V3,A2,RK3,W1,ARK2,B3,U2,nein
295,0,K3,LZ06,M1,VZ1,DH7,SW5,BD3,ja,RH1,FG2,WS1,WD2,V3,A2,RK1,W1,ARK1,B3,U2,nein
296,0,K3,LZ02,M1,VZ2,DH4,SW1,BD2,ja,RH2,FG2,WS1,WD4,V3,A1,RK3,W3,ARK1,B3,U2,nein
297,0,K3,LZ01,M3,VZ9,DH4,SW1,BD3,ja,RH1,FG2,WS1,WD2,V4,A2,RK3,W1,ARK2,B2,U2,nein
298,0,K1,LZ02,M1,VZ2,DH2,SW3,BD2,ja,RH1,FG2,WS1,WD4,V4,A1,RK3,W3,ARK1,B2,U2,nein
299,0,K3,LZ03,M3,VZ3,DH4,SW5,BD1,ja,RH2,FG3,WS1,WD3,V4,A2,RK3,W1,ARK2,B3,U2,nein
300,0,K4,LZ02,M5,VZ8,DH1,SW5,BD5,ja,RH4,FG3,WS1,WD1,V2,A3,RK1,W1,ARK1,B2,U2,nein
301,0,K2,LZ04,M1,VZ3,DH6,SW5,BD4,ja,RH4,FG2,WS1,WD2,V2,A1,RK1,W1,ARK1,B3,U2,nein
302,0,K2,LZ04,M1,VZ2,DH5,SW5,BD2,ja,RH2,FG2,WS1,WD4,V2,A2,RK3,W1,ARK1,B3,U2,nein
303,0,K3,LZ02,M2,VZ3,DH5,SW4,BD3,ja,RH1,FG2,WS1,WD2,V4,A2,RK3,W1,ARK2,B3,U1,nein
304,1,K2,LZ02,M1,VZ3,DH2,SW5,BD3,ja,RH3,FG2,WS1,WD2,V4,A2,RK3,W1,ARK1,B2,U2,nein
305,0,K3,LZ04,M1,VZ11,DH3,SW1,BD5,ja,RH4,FG3,WS1,WD4,V4,A3,RK3,W3,ARK1,B2,U2,nein
306,0,K4,LZ01,M1,VZ2,DH3,SW5,BD3,ja,RH1,FG2,WS1,WD2,V4,A2,RK1,W1,ARK1,B2,U2,ja
307,0,K3,LZ01,M5,VZ11,DH2,SW4,BD3,ja,RH1,FG2,WS3,WD2,V4,A2,RK2,W1,ARK1,B2,U1,nein
308,0,K4,LZ04,M1,VZ3,DH5,SW5,BD2,ja,RH4,FG2,WS1,WD4,V3,A2,RK3,W3,ARK1,B4,U2,ja
309,0,K3,LZ09,M4,VZ1,DH7,SW4,BD3,ja,RH2,FG2,WS1,WD2,V3,A2,RK3,W1,ARK1,B2,U1,nein
310,0,K3,LZ02,M2,VZ3,DH2,SW4,BD5,ja,RH4,FG2,WS1,WD4,V4,A5,RK3,W1,ARK4,B3,U2,nein
311,0,K3,LZ08,M2,VZ1,DH5,SW4,BD5,ja,RH4,FG2,WS1,WD3,V2,A2,RK3,W1,ARK2,B3,U1,ja
312,0,K3,LZ01,M2,VZ11,DH1,SW3,BD3,ja,RH2,FG2,WS1,WD2,V4,A3,RK1,W1,ARK2,B2,U2,nein
313,0,K1,LZ04,M1,VZ11,DH3,SW5,BD2,ja,RH4,FG2,WS1,WD1,V3,A2,RK3,W1,ARK1,B3,U2,nein
314,0,K4,LZ01,M1,VZ11,DH2,SW5,BD2,ja,RH3,FG2,WS1,WD4,V4,A3,RK3,W1,ARK1,B2,U1,ja
315,0,K3,LZ03,M1,VZ1,DH3,SW4,BD5,ja,RH4,FG2,WS1,WD4,V1,A3,RK1,W2,ARK1,B3,U1,nein
316,0,K3,LZ04,M5,VZ9,DH4,SW5,BD4,ja,RH4,FG2,WS1,WD4,V2,A3,RK1,W1,ARK1,B3,U2,ja
317,0,K2,LZ02,M1,VZ3,DH5,SW5,BD3,ja,RH3,FG3,WS1,WD1,V2,A1,RK3,W1,ARK1,B3,U2,nein
318,0,K3,LZ03,M2,VZ3,DH3,SW5,BD3,ja,RH4,FG2,WS1,WD2,V3,A2,RK3,W1,ARK2,B3,U2,nein
319,0,K3,LZ01,M4,VZ11,DH3,SW1,BD3,nein,RH4,FG2,WS1,WD1,V1,A2,RK1,W3,ARK1,B3,U2,nein
320,0,K3,LZ02,M1,VZ11,DH4,SW2,BD3,nein,RH3,FG2,WS1,WD2,V1,A3,RK3,W3,ARK1,B2,U1,nein
321,0,K3,LZ02,M1,VZ3,DH4,SW1,BD3,ja,RH4,FG2,WS2,WD2,V4,A2,RK3,W1,ARK1,B3,U2,nein
322,0,K3,LZ02,M1,VZ9,DH4,SW3,BD5,ja,RH1,FG1,WS1,WD2,V4,A2,RK3,W1,ARK1,B3,U2,ja
323,0,K4,LZ02,M2,VZ2,DH4,SW4,BD2,nein,RH2,FG2,WS2,WD3,V4,A2,RK3,W3,ARK2,B3,U2,nein
324,0,K3,LZ02,M1,VZ11,DH4,SW5,BD3,nein,RH3,FG2,WS1,WD2,V4,A2,RK3,W1,ARK1,B2,U1,nein
325,0,K3,LZ04,M2,VZ11,DH3,SW3,BD5,ja,RH4,FG2,WS1,WD4,V4,A2,RK3,W1,ARK2,B3,U2,ja
326,0,K3,LZ02,M1,VZ11,DH3,SW1,BD3,nein,RH3,FG2,WS1,WD2,V4,A2,RK3,W3,ARK1,B2,U2,nein
327,0,K2,LZ01,M2,VZ11,DH3,SW5,BD5,nein,RH1,FG2,WS1,WD4,V4,A3,RK3,W1,ARK2,B3,U1,nein
328,0,K3,LZ03,M1,VZ11,DH5,SW4,BD4,nein,RH4,FG2,WS1,WD3,V3,A2,RK3,W1,ARK1,B3,U2,nein
329,0,K3,LZ03,M2,VZ3,DH6,SW5,BD5,ja,RH3,FG2,WS1,WD4,V2,A2,RK3,W1,ARK2,B3,U2,ja
330,0,K3,LZ04,M2,VZ6,DH4,SW4,BD3,ja,RH3,FG2,WS1,WD2,V2,A2,RK3,W1,ARK2,B3,U2,ja
331,0,K3,LZ03,M2,VZ3,DH4,SW5,BD3,ja,RH2,FG2,WS1,WD2,V2,A2,RK3,W1,ARK2,B3,U2,nein
332,0,K3,LZ01,M2,VZ3,DH4,SW5,BD4,ja,RH1,FG2,WS1,WD2,V2,A1,RK3,W3,ARK2,B3,U2,ja
333,0,K3,LZ04,M1,VZ11,DH3,SW4,BD4,ja,RH4,FG2,WS1,WD4,V3,A1,RK3,W3,ARK1,B3,U2,nein
334,0,K3,LZ04,M3,VZ11,DH2,SW4,BD5,ja,RH4,FG3,WS1,WD4,V2,A3,RK3,W1,ARK2,B3,U2,ja
335,0,K4,LZ04,M1,VZ2,DH4,SW5,BD2,nein,RH4,FG2,WS2,WD1,V3,A1,RK3,W1,ARK1,B2,U2,nein
336,0,K4,LZ02,M2,VZ5,DH3,SW1,BD5,nein,RH3,FG2,WS3,WD4,V4,A3,RK3,W1,ARK2,B3,U1,nein
337,0,K4,LZ02,M2,VZ11,DH3,SW5,BD4,ja,RH4,FG2,WS2,WD3,V3,A3,RK3,W1,ARK2,B3,U2,ja
338,0,K3,LZ02,M1,VZ1,DH5,SW1,BD3,ja,RH1,FG2,WS2,WD2,V4,A2,RK3,W1,ARK1,B3,U1,nein
339,0,K3,LZ02,M1,VZ1,DH3,SW3,BD4,nein,RH3,FG2,WS1,WD2,V3,A3,RK3,W1,ARK1,B3,U2,nein
340,0,K3,LZ05,M2,VZ3,DH5,SW4,BD5,ja,RH3,FG2,WS1,WD2,V2,A3,RK3,W1,ARK2,B3,U1,ja
341,0,K4,LZ04,M5,VZ1,DH5,SW5,BD3,nein,RH1,FG2,WS3,WD4,V2,A1,RK1,W3,ARK1,B3,U2,nein
342,0,K3,LZ03,M2,VZ1,DH5,SW4,BD1,ja,RH2,FG2,WS1,WD4,V1,A2,RK3,W1,ARK1,B4,U2,ja
343,0,K3,LZ02,M1,VZ11,DH5,SW1,BD3,nein,RH1,FG2,WS3,WD2,V4,A2,RK3,W3,ARK1,B3,U1,nein
344,0,K3,LZ02,M2,VZ11,DH2,SW1,BD4,ja,RH4,FG2,WS1,WD3,V2,A3,RK3,W1,ARK2,B3,U2,ja
345,0,K3,LZ02,M1,VZ3,DH4,SW5,BD3,nein,RH1,FG2,WS1,WD4,V3,A2,RK3,W1,ARK1,B3,U2,ja
346,0,K3,LZ02,M1,VZ6,DH2,SW2,BD5,ja,RH4,FG2,WS1,WD4,V1,A3,RK3,W2,ARK1,B3,U2,ja
347,0,K2,LZ02,M2,VZ11,DH2,SW5,BD5,ja,RH4,FG2,WS1,WD4,V1,A4,RK3,W2,ARK2,B3,U2,ja
348,0,K4,LZ02,M2,VZ11,DH4,SW5,BD3,ja,RH4,FG2,WS1,WD2,V3,A2,RK3,W1,ARK2,B3,U2,nein
349,0,K3,LZ02,M2,VZ6,DH2,SW5,BD3,ja,RH4,FG2,WS1,WD2,V2,A2,RK3,W1,ARK2,B3,U2,nein
350,0,K3,LZ02,M2,VZ2,DH4,SW4,BD3,nein,RH2,FG3,WS1,WD1,V2,A2,RK3,W1,ARK2,B3,U2,nein
351,0,K3,LZ04,M1,VZ11,DH4,SW3,BD4,ja,RH4,FG2,WS1,WD3,V2,A2,RK3,W1,ARK1,B3,U1,ja
352,0,K3,LZ08,M2,VZ9,DH7,SW4,BD5,ja,RH4,FG1,WS1,WD2,V2,A3,RK1,W1,ARK2,B4,U1,nein
353,1,K4,LZ02,M2,VZ11,DH5,SW5,BD3,ja,RH3,FG2,WS2,WD2,V4,A2,RK3,W1,ARK2,B3,U2,nein
354,0,K3,LZ01,M1,VZ3,DH3,SW1,BD5,ja,RH2,FG2,WS1,WD4,V1,A3,RK1,W2,ARK1,B3,U1,ja
355,0,K3,LZ06,M2,VZ1,DH8,SW4,BD5,ja,RH2,FG2,WS1,WD4,V1,A3,RK3,W2,ARK2,B3,U2,nein
356,0,K4,LZ04,M1,VZ1,DH5,SW5,BD3,ja,RH3,FG2,WS3,WD4,V1,A4,RK1,W1,ARK1,B3,U1,ja
357,0,K3,LZ02,M2,VZ11,DH3,SW5,BD5,nein,RH3,FG2,WS1,WD4,V4,A2,RK3,W1,ARK2,B2,U1,nein
358,0,K2,LZ03,M1,VZ11,DH4,SW5,BD5,ja,RH3,FG2,WS1,WD2,V2,A1,RK3,W1,ARK1,B4,U2,nein
359,0,K3,LZ03,M2,VZ11,DH6,SW4,BD5,ja,RH1,FG2,WS1,WD4,V2,A3,RK3,W1,ARK1,B3,U2,ja
360,0,K3,LZ02,M2,VZ11,DH3,SW5,BD5,ja,RH4,FG2,WS1,WD4,V4,A4,RK3,W1,ARK2,B2,U2,nein
361,0,K4,LZ02,M1,VZ2,DH4,SW5,BD2,ja,RH4,FG2,WS1,WD1,V2,A1,RK3,W3,ARK1,B3,U2,nein
362,0,K3,LZ01,M2,VZ2,DH3,SW4,BD3,ja,RH1,FG3,WS1,WD2,V3,A2,RK3,W1,ARK2,B3,U2,nein
363,0,K3,LZ02,M1,VZ2,DH3,SW5,BD3,ja,RH4,FG2,WS1,WD2,V4,A2,RK3,W3,ARK1,B3,U2,nein
364,0,K3,LZ02,M1,VZ3,DH4,SW4,BD3,ja,RH4,FG2,WS1,WD4,V1,A2,RK3,W2,ARK1,B3,U2,ja
365,0,K3,LZ02,M4,VZ2,DH5,SW5,BD5,ja,RH2,FG2,WS1,WD4,V3,A2,RK3,W1,ARK2,B3,U2,nein
366,0,K2,LZ04,M1,VZ3,DH3,SW2,BD3,ja,RH3,FG2,WS1,WD3,V2,A3,RK3,W1,ARK1,B2,U2,nein
367,0,K1,LZ02,M4,VZ8,DH3,SW5,BD3,ja,RH2,FG2,WS1,WD2,V4,A2,RK3,W1,ARK1,B2,U2,ja
368,0,K4,LZ03,M1,VZ11,DH3,SW5,BD3,ja,RH2,FG2,WS1,WD4,V2,A2,RK3,W3,ARK1,B3,U2,nein
369,0,K4,LZ04,M1,VZ2,DH5,SW5,BD3,ja,RH2,FG1,WS1,WD2,V4,A1,RK3,W3,ARK1,B2,U2,nein
370,0,K4,LZ04,M1,VZ9,DH6,SW5,BD3,ja,RH2,FG3,WS1,WD2,V2,A1,RK2,W1,ARK1,B2,U2,nein
371,0,K3,LZ04,M2,VZ3,DH5,SW3,BD5,ja,RH2,FG2,WS1,WD2,V2,A2,RK3,W1,ARK1,B3,U2,nein
372,0,K1,LZ04,M2,VZ1,DH7,SW3,BD5,ja,RH2,FG2,WS1,WD4,V1,A2,RK3,W3,ARK1,B3,U2,nein
373,0,K4,LZ01,M1,VZ4,DH1,SW5,BD2,ja,RH4,FG2,WS1,WD1,V4,A2,RK3,W1,ARK1,B3,U2,nein
374,0,K3,LZ04,M3,VZ2,DH4,SW1,BD4,ja,RH4,FG2,WS1,WD3,V4,A2,RK3,W1,ARK2,B4,U2,nein
375,0,K4,LZ05,M1,VZ3,DH5,SW5,BD3,ja,RH3,FG2,WS1,WD2,V2,A2,RK3,W1,ARK1,B4,U2,nein
376,1,K4,LZ02,M4,VZ5,DH3,SW5,BD4,ja,RH4,FG2,WS1,WD3,V4,A2,RK3,W1,ARK2,B3,U2,nein
377,0,K1,LZ05,M3,VZ1,DH6,SW5,BD5,ja,RH1,FG2,WS1,WD2,V2,A2,RK3,W1,ARK2,B4,U2,ja
378,0,K1,LZ03,M1,VZ5,DH4,SW1,BD3,ja,RH4,FG2,WS3,WD2,V4,A1,RK3,W1,ARK1,B3,U2,nein
379,0,K3,LZ05,M2,VZ3,DH6,SW4,BD4,ja,RH2,FG2,WS1,WD3,V3,A2,RK3,W1,ARK2,B3,U2,nein
380,0,K4,LZ03,M1,VZ2,DH5,SW5,BD2,ja,RH1,FG2,WS1,WD4,V2,A1,RK3,W3,ARK1,B3,U2,nein
381,0,K4,LZ04,M1,VZ2,DH5,SW5,BD4,ja,RH1,FG2,WS1,WD4,V2,A2,RK3,W3,ARK1,B2,U2,nein
382,0,K3,LZ10,M2,VZ11,DH8,SW4,BD5,ja,RH2,FG2,WS1,WD4,V1,A4,RK1,W2,ARK1,B4,U2,ja
383,0,K1,LZ02,M1,VZ11,DH1,SW5,BD3,ja,RH4,FG3,WS1,WD4,V4,A1,RK3,W3,ARK1,B2,U2,nein
384,0,K3,LZ07,M2,VZ2,DH5,SW2,BD3,ja,RH4,FG2,WS1,WD4,V4,A2,RK3,W1,ARK2,B3,U2,ja
385,0,K1,LZ02,M1,VZ3,DH1,SW5,BD3,ja,RH4,FG2,WS1,WD3,V4,A1,RK3,W1,ARK1,B3,U2,nein
386,1,K1,LZ02,M1,VZ2,DH2,SW5,BD3,ja,RH4,FG2,WS1,WD1,V3,A2,RK3,W1,ARK1,B3,U2,nein
387,0,K3,LZ04,M1,VZ11,DH6,SW5,BD3,ja,RH1,FG2,WS1,WD4,V3,A3,RK3,W1,ARK1,B2,U1,nein
388,0,K2,LZ02,M1,VZ4,DH3,SW5,BD3,ja,RH2,FG2,WS1,WD2,V2,A2,RK3,W1,ARK1,B3,U2,ja
389,0,K4,LZ04,M1,VZ1,DH5,SW4,BD5,ja,RH2,FG2,WS1,WD4,V4,A2,RK3,W3,ARK1,B3,U2,nein
390,0,K3,LZ03,M1,VZ1,DH5,SW5,BD4,ja,RH2,FG2,WS1,WD2,V2,A2,RK3,W1,ARK1,B3,U2,nein
391,0,K2,LZ02,M2,VZ11,DH3,SW2,BD1,ja,RH2,FG2,WS1,WD4,V1,A5,RK1,W2,ARK3,B1,U2,nein
392,0,K2,LZ01,M2,VZ6,DH3,SW5,BD3,ja,RH2,FG2,WS1,WD4,V3,A3,RK3,W1,ARK1,B2,U2,nein
393,0,K3,LZ03,M2,VZ3,DH3,SW5,BD3,ja,RH4,FG2,WS1,WD4,V1,A2,RK3,W2,ARK2,B3,U2,ja
394,0,K3,LZ04,M1,VZ2,DH6,SW1,BD3,ja,RH4,FG2,WS1,WD1,V2,A1,RK2,W1,ARK1,B3,U2,nein
395,0,K1,LZ02,M1,VZ3,DH3,SW5,BD5,ja,RH4,FG2,WS1,WD4,V4,A1,RK3,W1,ARK1,B3,U2,nein
396,0,K1,LZ04,M3,VZ3,DH6,SW5,BD2,ja,RH1,FG2,WS1,WD2,V2,A2,RK3,W1,ARK1,B3,U2,nein
397,0,K3,LZ02,M1,VZ3,DH2,SW5,BD3,ja,RH4,FG2,WS1,WD2,V4,A2,RK1,W1,ARK2,B3,U2,nein
398,0,K3,LZ02,M3,VZ1,DH4,SW5,BD3,ja,RH4,FG3,WS1,WD4,V4,A3,RK3,W3,ARK1,B3,U2,nein
399,0,K1,LZ02,M1,VZ11,DH6,SW5,BD4,ja,RH2,FG2,WS1,WD2,V2,A2,RK3,W1,ARK1,B3,U2,nein
400,0,K1,LZ05,M1,VZ9,DH5,SW5,BD2,ja,RH4,FG2,WS1,WD1,V3,A2,RK3,W1,ARK1,B3,U1,ja
401,0,K1,LZ02,M1,VZ9,DH3,SW1,BD4,ja,RH3,FG2,WS1,WD4,V4,A2,RK3,W1,ARK1,B2,U2,nein
402,0,K4,LZ01,M1,VZ1,DH3,SW2,BD1,ja,RH1,FG2,WS1,WD2,V3,A1,RK3,W3,ARK1,B1,U2,ja
403,0,K3,LZ04,M1,VZ3,DH5,SW5,BD2,ja,RH4,FG2,WS1,WD4,V3,A2,RK3,W1,ARK1,B3,U2,ja
404,0,K3,LZ03,M1,VZ3,DH5,SW5,BD2,ja,RH3,FG2,WS1,WD2,V2,A2,RK3,W1,ARK1,B3,U2,ja
405,0,K1,LZ08,M1,VZ10,DH6,SW4,BD1,ja,RH3,FG2,WS1,WD4,V1,A3,RK1,W2,ARK1,B1,U2,ja
406,0,K3,LZ03,M1,VZ1,DH5,SW5,BD3,ja,RH3,FG2,WS1,WD2,V2,A2,RK3,W1,ARK1,B3,U2,ja
407,0,K1,LZ02,M1,VZ9,DH3,SW5,BD3,ja,RH2,FG3,WS1,WD1,V4,A2,RK1,W1,ARK1,B3,U2,ja
408,0,K1,LZ03,M1,VZ9,DH4,SW3,BD2,ja,RH3,FG3,WS1,WD3,V4,A2,RK1,W1,ARK1,B3,U2,ja
409,0,K3,LZ07,M1,VZ3,DH6,SW4,BD4,ja,RH2,FG3,WS1,WD4,V3,A2,RK3,W3,ARK1,B3,U2,ja
410,0,K3,LZ03,M1,VZ3,DH3,SW1,BD1,ja,RH2,FG2,WS1,WD4,V4,A4,RK3,W1,ARK1,B3,U2,nein
411,0,K3,LZ04,M3,VZ9,DH5,SW4,BD3,ja,RH4,FG2,WS1,WD4,V4,A2,RK3,W1,ARK2,B3,U1,ja
412,0,K3,LZ02,M2,VZ3,DH2,SW4,BD5,ja,RH4,FG2,WS1,WD4,V2,A2,RK3,W1,ARK2,B3,U2,nein
413,0,K3,LZ04,M3,VZ9,DH4,SW2,BD3,ja,RH4,FG2,WS1,WD2,V2,A3,RK3,W1,ARK2,B3,U1,ja
414,0,K3,LZ02,M2,VZ3,DH2,SW2,BD5,ja,RH4,FG2,WS1,WD4,V3,A3,RK3,W1,ARK2,B3,U1,ja
415,0,K3,LZ05,M2,VZ3,DH5,SW5,BD5,ja,RH4,FG2,WS1,WD2,V2,A2,RK3,W1,ARK2,B3,U2,nein
416,0,K3,LZ02,M2,VZ3,DH3,SW1,BD1,ja,RH4,FG2,WS1,WD4,V4,A3,RK3,W1,ARK3,B2,U2,nein
417,0,K3,LZ04,M2,VZ1,DH6,SW3,BD3,ja,RH4,FG2,WS1,WD2,V4,A2,RK3,W1,ARK2,B3,U2,nein
418,0,K3,LZ03,M2,VZ3,DH3,SW4,BD3,ja,RH4,FG2,WS1,WD3,V3,A2,RK3,W1,ARK2,B3,U2,ja
419,0,K4,LZ03,M2,VZ2,DH3,SW5,BD5,ja,RH4,FG2,WS1,WD4,V2,A3,RK3,W1,ARK2,B3,U1,ja
420,0,K3,LZ02,M1,VZ3,DH2,SW5,BD3,ja,RH4,FG3,WS1,WD2,V4,A2,RK3,W1,ARK1,B3,U2,nein
421,0,K1,LZ02,M2,VZ11,DH3,SW3,BD3,ja,RH4,FG2,WS1,WD4,V2,A3,RK3,W1,ARK2,B3,U2,nein
422,0,K1,LZ03,M2,VZ11,DH3,SW5,BD1,ja,RH2,FG2,WS1,WD3,V2,A5,RK3,W2,ARK3,B1,U2,ja
423,0,K3,LZ02,M1,VZ11,DH4,SW4,BD5,ja,RH4,FG2,WS1,WD4,V1,A3,RK3,W2,ARK1,B4,U2,ja
424,0,K3,LZ03,M2,VZ3,DH4,SW5,BD5,ja,RH4,FG2,WS1,WD4,V2,A3,RK3,W1,ARK2,B3,U2,ja
425,0,K3,LZ02,M2,VZ3,DH2,SW5,BD5,ja,RH4,FG2,WS1,WD4,V4,A3,RK3,W1,ARK3,B3,U2,nein
426,0,K1,LZ07,M3,VZ6,DH8,SW1,BD4,ja,RH2,FG2,WS1,WD3,V1,A2,RK3,W3,ARK1,B3,U2,ja
427,1,K1,LZ02,M2,VZ6,DH4,SW5,BD5,ja,RH2,FG2,WS1,WD3,V2,A2,RK3,W1,ARK2,B4,U2,ja
428,0,K4,LZ02,M1,VZ6,DH3,SW4,BD3,ja,RH4,FG2,WS1,WD4,V3,A1,RK1,W3,ARK1,B3,U2,ja
429,0,K1,LZ02,M1,VZ11,DH5,SW4,BD3,ja,RH1,FG2,WS1,WD2,V4,A2,RK3,W1,ARK1,B2,U2,nein
430,0,K3,LZ05,M2,VZ3,DH5,SW5,BD4,ja,RH4,FG2,WS1,WD4,V2,A2,RK3,W3,ARK1,B4,U2,ja
431,1,K3,LZ02,M3,VZ5,DH4,SW3,BD5,ja,RH4,FG2,WS1,WD4,V1,A3,RK3,W2,ARK2,B3,U1,nein
432,0,K1,LZ03,M2,VZ9,DH4,SW2,BD3,ja,RH2,FG2,WS1,WD4,V2,A2,RK1,W1,ARK1,B3,U2,nein
433,0,K1,LZ03,M2,VZ9,DH4,SW4,BD3,ja,RH4,FG3,WS1,WD4,V4,A2,RK1,W1,ARK2,B3,U2,nein
434,0,K3,LZ02,M2,VZ9,DH3,SW4,BD5,ja,RH4,FG2,WS1,WD4,V1,A3,RK3,W3,ARK1,B2,U2,nein
435,0,K3,LZ02,M3,VZ3,DH2,SW4,BD5,ja,RH3,FG2,WS1,WD4,V1,A2,RK3,W2,ARK1,B3,U2,nein
436,0,K3,LZ03,M2,VZ6,DH4,SW1,BD3,ja,RH4,FG2,WS1,WD3,V2,A2,RK3,W1,ARK1,B3,U2,nein
437,0,K3,LZ01,M3,VZ3,DH2,SW5,BD3,ja,RH3,FG2,WS1,WD2,V4,A1,RK3,W1,ARK1,B3,U2,nein
438,0,K4,LZ05,M2,VZ9,DH4,SW5,BD5,ja,RH4,FG2,WS1,WD4,V2,A3,RK2,W1,ARK4,B4,U1,ja
439,0,K1,LZ03,M2,VZ9,DH5,SW5,BD1,ja,RH3,FG3,WS1,WD3,V2,A3,RK3,W1,ARK3,B1,U1,ja
440,0,K3,LZ04,M2,VZ2,DH4,SW5,BD2,ja,RH4,FG2,WS1,WD4,V3,A1,RK3,W1,ARK1,B3,U2,ja
441,0,K3,LZ05,M3,VZ9,DH6,SW5,BD4,ja,RH3,FG2,WS1,WD4,V2,A2,RK3,W1,ARK2,B3,U2,nein
442,0,K4,LZ07,M2,VZ2,DH8,SW4,BD4,ja,RH4,FG2,WS1,WD4,V3,A2,RK3,W1,ARK2,B4,U2,ja
443,0,K3,LZ03,M1,VZ3,DH3,SW4,BD3,ja,RH4,FG3,WS1,WD2,V4,A3,RK3,W3,ARK1,B3,U2,ja
444,0,K3,LZ02,M2,VZ3,DH2,SW5,BD5,ja,RH4,FG2,WS1,WD4,V4,A3,RK3,W1,ARK1,B3,U2,nein
445,0,K3,LZ02,M1,VZ2,DH4,SW5,BD3,ja,RH4,FG2,WS1,WD2,V4,A3,RK3,W1,ARK1,B3,U2,nein
446,0,K3,LZ01,M2,VZ3,DH2,SW4,BD5,ja,RH4,FG2,WS1,WD4,V1,A2,RK3,W2,ARK2,B3,U2,nein
447,0,K3,LZ02,M1,VZ3,DH2,SW4,BD3,ja,RH4,FG2,WS1,WD2,V2,A1,RK3,W1,ARK1,B3,U2,nein
448,0,K3,LZ06,M1,VZ1,DH5,SW5,BD3,ja,RH2,FG2,WS1,WD2,V1,A2,RK3,W2,ARK1,B4,U2,ja
449,0,K1,LZ02,M1,VZ3,DH2,SW2,BD3,ja,RH4,FG2,WS1,WD3,V4,A5,RK3,W1,ARK1,B2,U2,nein
450,1,K1,LZ02,M1,VZ3,DH2,SW2,BD3,ja,RH4,FG2,WS1,WD3,V4,A5,RK3,W1,ARK1,B2,U2,nein
451,0,K4,LZ04,M1,VZ2,DH4,SW4,BD4,ja,RH4,FG2,WS1,WD4,V2,A2,RK3,W1,ARK1,B3,U2,ja
452,0,K1,LZ02,M1,VZ11,DH6,SW5,BD1,ja,RH2,FG2,WS1,WD4,V1,A5,RK1,W2,ARK1,B4,U2,ja
453,0,K1,LZ04,M2,VZ6,DH6,SW5,BD2,ja,RH2,FG2,WS1,WD4,V1,A1,RK3,W2,ARK2,B3,U2,ja
454,0,K4,LZ03,M1,VZ11,DH5,SW5,BD1,ja,RH1,FG2,WS1,WD4,V1,A1,RK3,W2,ARK1,B3,U2,nein
455,0,K1,LZ10,M3,VZ3,DH6,SW4,BD3,ja,RH1,FG2,WS1,WD1,V4,A2,RK3,W1,ARK1,B2,U2,nein
456,0,K1,LZ04,M3,VZ10,DH5,SW5,BD3,ja,RH2,FG2,WS1,WD3,V2,A2,RK1,W1,ARK2,B3,U2,ja
457,0,K1,LZ03,M1,VZ9,DH4,SW3,BD3,ja,RH4,FG2,WS1,WD2,V3,A2,RK3,W1,ARK1,B2,U2,ja
458,0,K1,LZ04,M3,VZ2,DH4,SW4,BD2,ja,RH4,FG2,WS1,WD2,V3,A2,RK1,W1,ARK1,B2,U2,nein
459,0,K3,LZ02,M1,VZ1,DH4,SW4,BD2,ja,RH2,FG3,WS1,WD4,V2,A2,RK3,W3,ARK1,B3,U2,ja
460,0,K1,LZ04,M1,VZ1,DH6,SW4,BD1,ja,RH1,FG1,WS1,WD4,V4,A4,RK3,W1,ARK1,B4,U2,ja
461,0,K1,LZ03,M2,VZ2,DH6,SW5,BD1,ja,RH4,FG2,WS1,WD4,V3,A3,RK2,W1,ARK2,B4,U2,ja
462,0,K3,LZ03,M1,VZ1,DH5,SW1,BD2,ja,RH1,FG2,WS1,WD4,V2,A1,RK3,W1,ARK1,B3,U2,ja
463,1,K4,LZ05,M1,VZ11,DH5,SW5,BD3,ja,RH3,FG2,WS1,WD2,V2,A3,RK3,W1,ARK1,B2,U2,nein
464,0,K1,LZ02,M1,VZ11,DH6,SW4,BD1,ja,RH1,FG2,WS1,WD2,V4,A1,RK3,W3,ARK1,B1,U2,nein
465,0,K2,LZ02,M1,VZ2,DH3,SW4,BD5,ja,RH3,FG2,WS1,WD4,V4,A3,RK3,W1,ARK1,B4,U2,ja
466,0,K1,LZ02,M1,VZ1,DH4,SW4,BD3,ja,RH4,FG2,WS1,WD2,V2,A2,RK3,W1,ARK1,B3,U2,nein
467,0,K3,LZ03,M1,VZ11,DH6,SW2,BD5,ja,RH1,FG2,WS1,WD4,V1,A2,RK3,W2,ARK1,B3,U2,nein
468,0,K1,LZ06,M1,VZ3,DH4,SW5,BD4,ja,RH4,FG2,WS1,WD4,V2,A1,RK3,W3,ARK1,B3,U2,nein
469,0,K3,LZ02,M1,VZ6,DH3,SW5,BD5,ja,RH4,FG2,WS1,WD4,V3,A3,RK1,W1,ARK3,B3,U1,ja
470,0,K3,LZ03,M1,VZ2,DH4,SW5,BD3,ja,RH4,FG2,WS1,WD4,V1,A3,RK1,W2,ARK2,B3,U2,nein
471,0,K3,LZ04,M1,VZ3,DH2,SW4,BD5,ja,RH4,FG2,WS1,WD2,V2,A1,RK3,W1,ARK2,B3,U2,nein
472,0,K3,LZ06,M1,VZ9,DH6,SW4,BD5,ja,RH3,FG2,WS1,WD2,V3,A2,RK3,W1,ARK2,B3,U2,nein
473,0,K3,LZ03,M1,VZ2,DH4,SW4,BD4,ja,RH1,FG2,WS1,WD4,V4,A2,RK1,W3,ARK1,B2,U2,nein
474,0,K2,LZ06,M1,VZ3,DH5,SW5,BD5,ja,RH4,FG2,WS1,WD2,V2,A2,RK3,W1,ARK1,B3,U2,nein
475,0,K3,LZ04,M1,VZ8,DH2,SW5,BD2,ja,RH4,FG3,WS1,WD3,V2,A2,RK3,W1,ARK2,B2,U2,nein
476,0,K3,LZ03,M1,VZ2,DH5,SW5,BD5,ja,RH4,FG2,WS1,WD4,V3,A3,RK1,W1,ARK3,B3,U1,ja
477,0,K3,LZ04,M1,VZ3,DH5,SW4,BD2,ja,RH4,FG2,WS1,WD2,V2,A1,RK3,W1,ARK2,B3,U2,nein
478,0,K3,LZ02,M2,VZ6,DH5,SW5,BD5,ja,RH2,FG2,WS1,WD4,V1,A3,RK1,W2,ARK3,B2,U2,nein
479,0,K1,LZ03,M1,VZ5,DH5,SW5,BD1,ja,RH2,FG2,WS1,WD4,V2,A5,RK3,W1,ARK1,B3,U2,ja
480,0,K3,LZ05,M1,VZ5,DH6,SW4,BD5,ja,RH4,FG2,WS1,WD4,V3,A3,RK3,W1,ARK4,B3,U1,ja
481,0,K1,LZ03,M1,VZ2,DH5,SW5,BD4,ja,RH2,FG2,WS1,WD4,V4,A3,RK3,W3,ARK1,B3,U2,nein
482,0,K3,LZ04,M3,VZ9,DH5,SW5,BD3,ja,RH1,FG2,WS1,WD2,V1,A2,RK3,W2,ARK1,B3,U2,nein
483,0,K3,LZ02,M2,VZ2,DH6,SW4,BD5,nein,RH2,FG2,WS1,WD4,V3,A3,RK3,W3,ARK1,B3,U2,ja
484,0,K3,LZ02,M2,VZ2,DH4,SW3,BD4,ja,RH3,FG2,WS1,WD2,V3,A2,RK3,W1,ARK1,B3,U2,nein
485,0,K3,LZ02,M2,VZ9,DH3,SW5,BD3,ja,RH3,FG2,WS1,WD2,V4,A2,RK3,W1,ARK2,B3,U2,nein
486,0,K3,LZ03,M2,VZ2,DH5,SW5,BD2,ja,RH3,FG1,WS1,WD2,V2,A2,RK3,W1,ARK2,B4,U2,ja
487,0,K1,LZ03,M2,VZ2,DH5,SW5,BD5,nein,RH3,FG2,WS1,WD4,V3,A2,RK3,W1,ARK1,B3,U2,ja
488,0,K3,LZ02,M1,VZ9,DH3,SW5,BD3,ja,RH2,FG3,WS1,WD2,V4,A2,RK3,W1,ARK1,B3,U2,ja
489,0,K3,LZ02,M1,VZ11,DH5,SW4,BD2,ja,RH2,FG2,WS1,WD3,V3,A3,RK3,W1,ARK1,B4,U1,ja
490,0,K3,LZ03,M1,VZ3,DH4,SW5,BD2,ja,RH4,FG2,WS1,WD1,V4,A2,RK3,W1,ARK1,B3,U2,nein
491,0,K3,LZ02,M2,VZ2,DH5,SW5,BD5,ja,RH2,FG2,WS1,WD4,V3,A3,RK2,W1,ARK1,B3,U2,nein
492,0,K4,LZ03,M4,VZ9,DH5,SW5,BD4,ja,RH3,FG2,WS1,WD1,V3,A2,RK1,W1,ARK1,B3,U2,ja
493,0,K3,LZ04,M2,VZ3,DH5,SW5,BD5,ja,RH4,FG3,WS2,WD3,V4,A3,RK3,W1,ARK2,B3,U2,nein
494,0,K4,LZ02,M2,VZ1,DH3,SW5,BD5,ja,RH4,FG2,WS1,WD3,V4,A3,RK3,W1,ARK1,B3,U2,nein
495,0,K3,LZ04,M1,VZ3,DH3,SW1,BD4,ja,RH4,FG3,WS1,WD3,V3,A2,RK3,W1,ARK1,B3,U2,ja
496,0,K3,LZ01,M1,VZ3,DH4,SW5,BD4,ja,RH2,FG3,WS1,WD2,V4,A2,RK3,W3,ARK1,B3,U2,nein
497,0,K3,LZ04,M2,VZ1,DH5,SW4,BD4,ja,RH3,FG2,WS1,WD4,V3,A3,RK3,W1,ARK2,B3,U2,ja
498,0,K3,LZ02,M2,VZ11,DH2,SW5,BD1,ja,RH1,FG2,WS1,WD2,V3,A2,RK3,W1,ARK1,B1,U2,nein
499,0,K4,LZ02,M1,VZ3,DH4,SW2,BD5,ja,RH3,FG3,WS1,WD1,V4,A2,RK3,W1,ARK1,B3,U2,nein
500,0,K3,LZ04,M1,VZ11,DH3,SW5,BD2,ja,RH4,FG3,WS1,WD2,V4,A2,RK3,W1,ARK1,B3,U2,nein
501,0,K3,LZ04,M2,VZ11,DH4,SW1,BD4,ja,RH4,FG3,WS1,WD3,V3,A2,RK3,W1,ARK2,B3,U2,ja
502,0,K3,LZ01,M1,VZ3,DH4,SW5,BD4,ja,RH3,FG2,WS1,WD2,V3,A3,RK3,W1,ARK1,B3,U1,nein
503,0,K3,LZ04,M2,VZ5,DH4,SW5,BD3,ja,RH4,FG1,WS1,WD2,V4,A2,RK3,W1,ARK2,B3,U2,ja
504,0,K3,LZ04,M1,VZ1,DH7,SW5,BD4,ja,RH3,FG2,WS1,WD3,V2,A2,RK3,W1,ARK1,B4,U2,ja
505,0,K3,LZ01,M2,VZ3,DH4,SW5,BD5,ja,RH2,FG3,WS1,WD2,V4,A2,RK3,W3,ARK2,B3,U2,nein
506,0,K3,LZ02,M2,VZ3,DH3,SW4,BD5,ja,RH4,FG2,WS1,WD2,V4,A2,RK3,W1,ARK2,B3,U2,ja
507,0,K3,LZ04,M2,VZ1,DH6,SW4,BD3,ja,RH2,FG2,WS1,WD4,V3,A3,RK3,W1,ARK2,B4,U1,ja
508,0,K3,LZ04,M2,VZ2,DH6,SW5,BD5,ja,RH4,FG2,WS1,WD4,V2,A2,RK3,W1,ARK1,B3,U2,ja
509,0,K4,LZ01,M1,VZ11,DH3,SW1,BD5,ja,RH3,FG2,WS1,WD2,V3,A3,RK3,W1,ARK1,B3,U2,ja
510,0,K3,LZ01,M2,VZ11,DH4,SW2,BD3,ja,RH1,FG3,WS1,WD2,V2,A1,RK3,W1,ARK1,B3,U2,nein
511,0,K3,LZ01,M1,VZ6,DH4,SW5,BD2,ja,RH1,FG2,WS1,WD2,V1,A3,RK3,W1,ARK1,B3,U2,nein
512,0,K1,LZ04,M2,VZ11,DH5,SW1,BD2,ja,RH4,FG1,WS1,WD2,V2,A2,RK3,W1,ARK1,B3,U2,ja
513,0,K1,LZ05,M1,VZ2,DH5,SW5,BD2,ja,RH2,FG3,WS1,WD1,V3,A1,RK3,W1,ARK1,B3,U2,nein
514,0,K3,LZ03,M1,VZ11,DH5,SW3,BD4,ja,RH2,FG2,WS1,WD3,V2,A1,RK3,W3,ARK1,B3,U2,nein
515,0,K1,LZ04,M1,VZ3,DH5,SW1,BD2,ja,RH2,FG2,WS1,WD1,V2,A2,RK3,W1,ARK1,B3,U2,nein
516,0,K1,LZ04,M3,VZ9,DH6,SW1,BD4,ja,RH4,FG2,WS1,WD4,V2,A2,RK3,W3,ARK1,B4,U2,ja
517,1,K3,LZ06,M1,VZ6,DH4,SW5,BD3,ja,RH4,FG2,WS1,WD4,V1,A2,RK2,W2,ARK1,B3,U2,ja
518,1,K3,LZ04,M1,VZ3,DH6,SW4,BD2,ja,RH1,FG2,WS1,WD1,V2,A3,RK3,W1,ARK2,B3,U2,ja
519,1,K3,LZ06,M2,VZ2,DH6,SW5,BD2,ja,RH2,FG2,WS1,WD4,V3,A1,RK3,W3,ARK2,B3,U2,ja
520,1,K3,LZ06,M1,VZ2,DH5,SW5,BD3,ja,RH4,FG2,WS1,WD2,V2,A2,RK3,W1,ARK1,B4,U2,ja
521,1,K3,LZ06,M1,VZ2,DH8,SW5,BD1,ja,RH4,FG2,WS1,WD2,V2,A2,RK3,W1,ARK2,B4,U2,ja
522,0,K3,LZ01,M1,VZ3,DH2,SW5,BD3,ja,RH3,FG2,WS1,WD1,V4,A2,RK3,W1,ARK1,B3,U2,nein
523,0,K3,LZ03,M1,VZ3,DH3,SW4,BD2,ja,RH4,FG2,WS1,WD2,V4,A1,RK3,W3,ARK1,B3,U2,ja
524,0,K1,LZ02,M2,VZ1,DH4,SW5,BD1,ja,RH4,FG2,WS1,WD2,V2,A2,RK3,W1,ARK2,B4,U2,ja
525,0,K3,LZ06,M2,VZ3,DH7,SW5,BD3,ja,RH2,FG2,WS1,WD2,V2,A2,RK2,W1,ARK2,B3,U2,nein
526,0,K4,LZ02,M1,VZ3,DH2,SW5,BD3,ja,RH4,FG3,WS1,WD2,V4,A3,RK3,W1,ARK1,B2,U2,nein
527,0,K1,LZ02,M1,VZ3,DH5,SW5,BD4,ja,RH2,FG2,WS1,WD1,V4,A2,RK3,W1,ARK1,B3,U2,nein
528,0,K3,LZ03,M1,VZ3,DH4,SW5,BD3,ja,RH4,FG2,WS1,WD2,V1,A2,RK3,W2,ARK1,B4,U2,ja
529,0,K3,LZ03,M2,VZ3,DH4,SW5,BD3,ja,RH2,FG2,WS1,WD1,V2,A1,RK3,W1,ARK2,B3,U2,nein
530,0,K3,LZ01,M2,VZ3,DH4,SW5,BD4,ja,RH2,FG2,WS1,WD1,V4,A3,RK3,W1,ARK2,B2,U1,nein
531,0,K3,LZ04,M2,VZ1,DH4,SW4,BD4,ja,RH4,FG2,WS1,WD4,V2,A3,RK3,W1,ARK2,B3,U1,ja
532,0,K2,LZ02,M1,VZ3,DH4,SW5,BD3,ja,RH2,FG2,WS1,WD2,V2,A3,RK3,W3,ARK1,B2,U2,ja
533,0,K4,LZ03,M2,VZ3,DH4,SW5,BD4,ja,RH4,FG3,WS1,WD1,V3,A2,RK3,W1,ARK2,B4,U2,ja
534,0,K4,LZ03,M1,VZ3,DH4,SW5,BD2,ja,RH4,FG2,WS1,WD1,V2,A2,RK2,W1,ARK1,B3,U2,nein
535,0,K1,LZ04,M1,VZ3,DH4,SW5,BD5,ja,RH4,FG2,WS1,WD4,V2,A1,RK3,W1,ARK1,B3,U2,ja
536,0,K3,LZ01,M2,VZ11,DH5,SW5,BD4,ja,RH1,FG2,WS1,WD1,V4,A2,RK3,W1,ARK1,B3,U1,nein
537,0,K3,LZ01,M2,VZ11,DH3,SW5,BD4,ja,RH2,FG2,WS1,WD1,V4,A3,RK3,W1,ARK3,B2,U1,nein
538,0,K3,LZ02,M2,VZ3,DH2,SW4,BD5,ja,RH4,FG2,WS1,WD2,V3,A3,RK3,W3,ARK2,B2,U2,ja
539,0,K1,LZ03,M4,VZ2,DH5,SW5,BD3,ja,RH1,FG2,WS1,WD4,V2,A2,RK1,W1,ARK2,B3,U2,ja
540,1,K1,LZ02,M1,VZ3,DH4,SW5,BD2,ja,RH4,FG2,WS1,WD2,V2,A1,RK3,W1,ARK1,B3,U2,ja
541,0,K1,LZ08,M1,VZ3,DH5,SW4,BD4,ja,RH4,FG2,WS1,WD1,V2,A3,RK3,W1,ARK2,B3,U1,ja
542,1,K1,LZ02,M1,VZ2,DH4,SW5,BD3,ja,RH4,FG2,WS1,WD2,V3,A2,RK3,W1,ARK1,B2,U2,nein
543,0,K1,LZ03,M2,VZ2,DH3,SW5,BD2,ja,RH4,FG2,WS1,WD1,V3,A2,RK3,W1,ARK2,B3,U2,nein
544,0,K3,LZ01,M2,VZ3,DH4,SW5,BD4,ja,RH2,FG2,WS1,WD1,V4,A3,RK3,W1,ARK3,B2,U1,nein
545,0,K1,LZ02,M1,VZ9,DH2,SW5,BD2,ja,RH3,FG3,WS1,WD2,V4,A2,RK3,W1,ARK1,B3,U2,ja
546,0,K1,LZ05,M1,VZ3,DH4,SW4,BD3,ja,RH4,FG2,WS1,WD1,V2,A2,RK3,W1,ARK1,B3,U2,nein
547,0,K2,LZ02,M2,VZ3,DH3,SW4,BD4,ja,RH4,FG2,WS1,WD2,V3,A2,RK3,W1,ARK2,B3,U2,ja
548,0,K1,LZ02,M1,VZ11,DH3,SW3,BD3,ja,RH4,FG3,WS1,WD1,V4,A1,RK3,W1,ARK1,B3,U2,nein
549,0,K3,LZ02,M2,VZ2,DH3,SW2,BD4,ja,RH3,FG2,WS1,WD4,V2,A2,RK3,W3,ARK1,B3,U2,ja
550,0,K1,LZ02,M1,VZ11,DH4,SW5,BD4,ja,RH3,FG2,WS1,WD4,V3,A2,RK3,W3,ARK1,B3,U1,ja
551,0,K3,LZ02,M2,VZ6,DH4,SW5,BD4,ja,RH2,FG2,WS1,WD3,V4,A3,RK3,W1,ARK1,B2,U1,nein
552,0,K3,LZ02,M1,VZ11,DH3,SW5,BD3,ja,RH3,FG3,WS1,WD2,V4,A2,RK3,W1,ARK2,B3,U2,ja
553,0,K3,LZ02,M1,VZ8,DH2,SW4,BD4,ja,RH4,FG2,WS1,WD3,V3,A3,RK3,W1,ARK1,B3,U2,ja
554,0,K1,LZ02,M1,VZ2,DH4,SW3,BD2,ja,RH4,FG2,WS1,WD1,V4,A1,RK3,W1,ARK1,B3,U2,nein
555,0,K3,LZ06,M3,VZ9,DH5,SW5,BD3,ja,RH2,FG2,WS1,WD2,V2,A2,RK3,W1,ARK2,B3,U2,ja
556,0,K1,LZ08,M4,VZ11,DH7,SW2,BD2,ja,RH1,FG2,WS1,WD1,V2,A2,RK3,W1,ARK2,B3,U2,nein
557,0,K2,LZ02,M1,VZ2,DH3,SW5,BD2,ja,RH4,FG2,WS1,WD1,V3,A2,RK1,W1,ARK1,B4,U2,ja
558,0,K3,LZ04,M1,VZ1,DH6,SW4,BD1,ja,RH2,FG2,WS1,WD4,V3,A2,RK3,W3,ARK1,B4,U2,ja
559,0,K1,LZ03,M1,VZ9,DH3,SW2,BD5,ja,RH1,FG3,WS1,WD2,V4,A2,RK3,W1,ARK1,B3,U2,ja
560,0,K3,LZ04,M2,VZ11,DH5,SW4,BD2,ja,RH2,FG1,WS1,WD4,V4,A3,RK3,W1,ARK2,B3,U2,ja
561,0,K3,LZ03,M2,VZ1,DH5,SW5,BD4,ja,RH3,FG2,WS1,WD1,V2,A2,RK3,W1,ARK2,B3,U2,nein
562,1,K1,LZ10,M1,VZ11,DH6,SW1,BD2,ja,RH4,FG2,WS1,WD2,V3,A1,RK3,W1,ARK1,B4,U2,nein
563,0,K2,LZ04,M1,VZ3,DH3,SW1,BD5,ja,RH4,FG2,WS1,WD2,V1,A3,RK3,W2,ARK1,B3,U2,ja
564,0,K3,LZ05,M3,VZ9,DH5,SW1,BD3,ja,RH2,FG2,WS1,WD2,V3,A2,RK3,W1,ARK2,B2,U2,nein
565,0,K1,LZ04,M3,VZ3,DH4,SW1,BD4,ja,RH3,FG2,WS1,WD2,V3,A1,RK3,W3,ARK2,B3,U2,ja
566,0,K1,LZ06,M3,VZ9,DH7,SW1,BD4,ja,RH1,FG2,WS1,WD3,V3,A2,RK3,W1,ARK2,B2,U1,ja
567,0,K3,LZ01,M2,VZ11,DH1,SW1,BD3,ja,RH4,FG2,WS1,WD4,V2,A3,RK3,W1,ARK2,B2,U2,nein
568,0,K3,LZ02,M2,VZ2,DH4,SW5,BD5,ja,RH4,FG2,WS1,WD4,V4,A3,RK3,W1,ARK3,B3,U2,ja
569,0,K3,LZ08,M1,VZ3,DH8,SW4,BD4,ja,RH4,FG2,WS1,WD3,V2,A2,RK2,W1,ARK1,B3,U2,ja
570,0,K2,LZ02,M1,VZ11,DH3,SW5,BD2,ja,RH4,FG2,WS1,WD1,V4,A2,RK3,W1,ARK1,B3,U2,nein
571,0,K3,LZ06,M1,VZ6,DH7,SW4,BD3,ja,RH2,FG2,WS1,WD4,V1,A2,RK3,W2,ARK1,B2,U1,ja
572,0,K1,LZ05,M1,VZ1,DH7,SW5,BD2,ja,RH2,FG2,WS1,WD3,V2,A2,RK3,W1,ARK2,B3,U2,nein
573,0,K1,LZ05,M5,VZ2,DH5,SW3,BD3,ja,RH4,FG2,WS1,WD2,V2,A2,RK2,W1,ARK1,B3,U1,ja
574,0,K1,LZ06,M1,VZ1,DH6,SW5,BD3,ja,RH2,FG2,WS1,WD2,V2,A2,RK3,W3,ARK1,B4,U2,ja
575,0,K1,LZ08,M4,VZ9,DH8,SW4,BD3,ja,RH2,FG2,WS1,WD2,V2,A3,RK1,W1,ARK1,B4,U2,ja
576,1,K4,LZ06,M1,VZ2,DH5,SW5,BD5,ja,RH4,FG2,WS1,WD2,V2,A3,RK3,W1,ARK1,B3,U1,nein
577,1,K4,LZ02,M1,VZ6,DH2,SW5,BD3,ja,RH4,FG2,WS1,WD4,V2,A3,RK3,W3,ARK1,B2,U1,nein
578,1,K4,LZ06,M2,VZ2,DH5,SW2,BD3,ja,RH1,FG2,WS1,WD4,V2,A1,RK3,W1,ARK2,B3,U2,nein
579,1,K4,LZ07,M1,VZ3,DH6,SW4,BD4,ja,RH4,FG2,WS1,WD3,V2,A2,RK3,W1,ARK1,B4,U2,ja
580,1,K4,LZ04,M5,VZ3,DH4,SW5,BD4,ja,RH4,FG2,WS3,WD4,V2,A1,RK1,W3,ARK1,B2,U2,nein
581,1,K4,LZ04,M1,VZ2,DH4,SW1,BD1,ja,RH1,FG1,WS1,WD1,V3,A2,RK3,W1,ARK1,B3,U2,nein
582,1,K3,LZ04,M1,VZ3,DH5,SW1,BD5,ja,RH2,FG2,WS1,WD4,V2,A2,RK3,W1,ARK2,B3,U2,nein
583,1,K4,LZ02,M1,VZ4,DH2,SW1,BD1,ja,RH4,FG2,WS1,WD3,V3,A1,RK3,W1,ARK1,B3,U2,nein
584,1,K4,LZ02,M1,VZ2,DH7,SW5,BD5,ja,RH4,FG2,WS1,WD4,V1,A3,RK3,W2,ARK1,B4,U2,ja
585,0,K4,LZ04,M1,VZ1,DH5,SW5,BD4,ja,RH2,FG2,WS1,WD1,V1,A2,RK3,W2,ARK1,B4,U2,ja
586,0,K4,LZ03,M2,VZ11,DH6,SW5,BD5,ja,RH2,FG2,WS1,WD4,V1,A2,RK3,W2,ARK3,B4,U2,ja
587,0,K4,LZ06,M1,VZ2,DH5,SW5,BD3,ja,RH1,FG2,WS3,WD2,V3,A2,RK3,W1,ARK1,B3,U1,nein
588,0,K4,LZ03,M1,VZ3,DH5,SW5,BD4,ja,RH4,FG2,WS3,WD1,V4,A1,RK3,W1,ARK1,B3,U2,nein
589,0,K1,LZ02,M1,VZ2,DH5,SW5,BD2,ja,RH3,FG2,WS1,WD1,V4,A2,RK3,W3,ARK1,B4,U2,nein
590,0,K4,LZ02,M1,VZ2,DH4,SW5,BD3,ja,RH2,FG2,WS1,WD2,V4,A2,RK3,W1,ARK1,B3,U2,nein
591,0,K4,LZ02,M2,VZ10,DH3,SW5,BD5,ja,RH3,FG2,WS1,WD4,V1,A3,RK1,W2,ARK2,B4,U1,ja
592,1,K4,LZ06,M2,VZ2,DH6,SW5,BD2,ja,RH4,FG2,WS2,WD4,V1,A1,RK3,W3,ARK2,B2,U2,ja
593,1,K4,LZ04,M5,VZ11,DH3,SW5,BD1,ja,RH1,FG2,WS2,WD4,V1,A2,RK3,W3,ARK2,B1,U2,nein
594,0,K4,LZ05,M4,VZ2,DH5,SW5,BD3,ja,RH2,FG1,WS3,WD2,V4,A2,RK3,W1,ARK2,B3,U2,nein
595,0,K4,LZ06,M2,VZ2,DH6,SW5,BD3,ja,RH3,FG2,WS3,WD2,V3,A2,RK3,W1,ARK2,B3,U2,nein
596,0,K4,LZ02,M1,VZ2,DH2,SW5,BD3,ja,RH2,FG2,WS3,WD3,V3,A2,RK3,W1,ARK1,B2,U1,nein
597,0,K4,LZ04,M2,VZ11,DH2,SW5,BD5,ja,RH4,FG2,WS1,WD4,V4,A5,RK3,W1,ARK2,B3,U2,nein
598,0,K4,LZ05,M1,VZ3,DH5,SW5,BD5,ja,RH1,FG2,WS3,WD3,V3,A2,RK3,W1,ARK1,B3,U1,nein
599,1,K4,LZ06,M1,VZ2,DH6,SW5,BD4,ja,RH4,FG2,WS1,WD2,V3,A2,RK3,W1,ARK1,B3,U2,nein
600,1,K4,LZ06,M1,VZ1,DH7,SW5,BD3,ja,RH2,FG2,WS1,WD2,V3,A2,RK3,W1,ARK1,B3,U1,nein
601,0,K3,LZ04,M2,VZ2,DH4,SW5,BD4,ja,RH2,FG2,WS1,WD2,V3,A2,RK3,W1,ARK2,B2,U2,nein
602,0,K4,LZ01,M1,VZ11,DH3,SW4,BD1,ja,RH4,FG2,WS1,WD3,V3,A5,RK3,W1,ARK1,B4,U2,ja
603,0,K4,LZ02,M1,VZ2,DH3,SW5,BD3,ja,RH4,FG2,WS3,WD1,V3,A1,RK3,W1,ARK1,B2,U2,nein
604,1,K4,LZ06,M1,VZ2,DH5,SW5,BD5,ja,RH2,FG2,WS1,WD2,V3,A3,RK1,W1,ARK1,B3,U1,nein
605,0,K4,LZ03,M2,VZ2,DH2,SW5,BD3,ja,RH2,FG1,WS1,WD3,V3,A1,RK3,W1,ARK2,B3,U2,nein
606,0,K1,LZ01,M3,VZ2,DH3,SW5,BD1,nein,RH4,FG2,WS1,WD1,V3,A2,RK2,W1,ARK2,B4,U2,ja
607,0,K4,LZ01,M2,VZ11,DH2,SW5,BD4,ja,RH4,FG2,WS1,WD3,V3,A2,RK3,W1,ARK2,B3,U2,nein
608,0,K4,LZ08,M1,VZ1,DH5,SW5,BD4,ja,RH4,FG2,WS1,WD3,V3,A2,RK3,W1,ARK1,B3,U1,nein
609,0,K1,LZ04,M1,VZ2,DH5,SW1,BD5,ja,RH4,FG2,WS1,WD4,V1,A2,RK3,W2,ARK1,B3,U2,nein
610,1,K1,LZ02,M1,VZ11,DH2,SW1,BD2,ja,RH4,FG2,WS1,WD2,V3,A1,RK1,W1,ARK1,B2,U2,nein
611,0,K4,LZ02,M1,VZ2,DH5,SW5,BD3,ja,RH2,FG1,WS1,WD1,V2,A3,RK3,W1,ARK1,B3,U2,nein
612,0,K4,LZ02,M1,VZ2,DH4,SW5,BD3,ja,RH2,FG2,WS2,WD3,V3,A2,RK3,W1,ARK1,B3,U2,nein
613,0,K4,LZ03,M1,VZ2,DH4,SW5,BD2,ja,RH4,FG2,WS3,WD1,V3,A3,RK3,W3,ARK1,B3,U2,nein
614,0,K4,LZ04,M1,VZ1,DH6,SW5,BD1,ja,RH4,FG2,WS1,WD2,V1,A2,RK3,W2,ARK1,B4,U2,ja
615,0,K4,LZ02,M1,VZ11,DH4,SW5,BD3,ja,RH4,FG2,WS3,WD4,V3,A2,RK3,W1,ARK1,B3,U2,ja
616,0,K4,LZ05,M2,VZ1,DH8,SW5,BD5,ja,RH3,FG2,WS1,WD4,V1,A2,RK3,W2,ARK3,B4,U1,ja
617,0,K4,LZ03,M1,VZ11,DH4,SW1,BD4,ja,RH4,FG2,WS1,WD3,V2,A2,RK3,W1,ARK1,B4,U1,ja
618,1,K4,LZ05,M1,VZ2,DH5,SW5,BD2,ja,RH2,FG1,WS1,WD4,V3,A2,RK3,W1,ARK1,B2,U2,nein
619,0,K1,LZ02,M2,VZ11,DH2,SW5,BD4,ja,RH2,FG2,WS1,WD3,V4,A3,RK3,W1,ARK2,B2,U1,nein
620,0,K3,LZ04,M1,VZ1,DH7,SW4,BD3,ja,RH2,FG1,WS1,WD4,V1,A3,RK3,W2,ARK1,B3,U2,ja
621,0,K3,LZ04,M2,VZ10,DH6,SW5,BD1,ja,RH4,FG2,WS2,WD2,V1,A2,RK1,W1,ARK2,B4,U2,ja
622,0,K4,LZ02,M2,VZ1,DH4,SW5,BD5,ja,RH4,FG2,WS1,WD4,V1,A5,RK3,W2,ARK2,B4,U2,nein
623,0,K4,LZ02,M1,VZ2,DH5,SW5,BD3,ja,RH2,FG2,WS2,WD2,V3,A2,RK3,W1,ARK1,B2,U1,nein
624,0,K4,LZ04,M2,VZ1,DH6,SW5,BD1,ja,RH2,FG2,WS1,WD4,V1,A5,RK3,W2,ARK2,B4,U2,ja
625,0,K4,LZ01,M2,VZ2,DH4,SW5,BD1,ja,RH4,FG2,WS1,WD4,V1,A2,RK3,W2,ARK3,B4,U2,ja
626,0,K3,LZ02,M1,VZ11,DH5,SW4,BD1,ja,RH4,FG2,WS1,WD4,V1,A2,RK3,W1,ARK1,B4,U2,ja
627,0,K3,LZ03,M2,VZ3,DH4,SW3,BD5,ja,RH4,FG2,WS1,WD4,V2,A3,RK3,W1,ARK2,B3,U2,nein
628,0,K3,LZ01,M1,VZ8,DH3,SW4,BD1,ja,RH4,FG2,WS1,WD4,V3,A2,RK3,W1,ARK1,B4,U1,ja
629,0,K4,LZ02,M1,VZ2,DH5,SW5,BD1,ja,RH3,FG2,WS1,WD4,V1,A3,RK3,W2,ARK1,B4,U2,nein
630,0,K4,LZ03,M2,VZ2,DH3,SW5,BD3,ja,RH4,FG2,WS1,WD3,V3,A1,RK3,W3,ARK2,B3,U2,nein
631,0,K4,LZ07,M1,VZ2,DH7,SW5,BD4,ja,RH2,FG2,WS3,WD4,V3,A3,RK3,W2,ARK1,B3,U1,nein
632,0,K4,LZ04,M1,VZ2,DH5,SW5,BD3,ja,RH4,FG2,WS1,WD4,V3,A2,RK3,W1,ARK1,B3,U2,nein
633,0,K4,LZ06,M1,VZ2,DH5,SW5,BD1,ja,RH4,FG2,WS1,WD3,V3,A2,RK3,W1,ARK1,B4,U2,ja
634,0,K4,LZ06,M1,VZ11,DH5,SW5,BD4,ja,RH2,FG2,WS1,WD4,V1,A2,RK1,W2,ARK1,B4,U1,ja
635,0,K4,LZ04,M1,VZ2,DH5,SW5,BD2,ja,RH4,FG2,WS1,WD1,V1,A1,RK1,W2,ARK1,B3,U2,nein
636,1,K4,LZ02,M2,VZ2,DH4,SW5,BD5,ja,RH3,FG2,WS1,WD3,V3,A4,RK3,W1,ARK2,B3,U2,nein
637,0,K4,LZ03,M2,VZ9,DH4,SW5,BD2,ja,RH3,FG2,WS1,WD1,V3,A2,RK1,W1,ARK2,B2,U2,nein
638,0,K4,LZ04,M2,VZ2,DH5,SW5,BD5,ja,RH1,FG2,WS1,WD4,V3,A1,RK3,W1,ARK2,B3,U2,nein
639,0,K4,LZ04,M2,VZ1,DH5,SW5,BD5,ja,RH4,FG2,WS1,WD4,V3,A4,RK3,W1,ARK2,B3,U2,ja
640,0,K4,LZ06,M2,VZ2,DH4,SW5,BD3,ja,RH3,FG3,WS1,WD2,V3,A3,RK3,W1,ARK2,B3,U2,ja
641,0,K2,LZ07,M4,VZ9,DH6,SW5,BD2,ja,RH2,FG1,WS1,WD1,V3,A2,RK3,W1,ARK2,B3,U2,nein
642,0,K4,LZ04,M2,VZ1,DH6,SW5,BD5,ja,RH2,FG2,WS1,WD4,V1,A3,RK3,W2,ARK2,B4,U1,ja
643,1,K4,LZ08,M2,VZ1,DH6,SW5,BD5,ja,RH4,FG2,WS1,WD4,V1,A3,RK2,W2,ARK2,B2,U2,nein
644,0,K3,LZ04,M2,VZ6,DH4,SW5,BD5,ja,RH4,FG2,WS1,WD4,V1,A3,RK3,W2,ARK2,B3,U1,nein
645,0,K4,LZ06,M1,VZ10,DH9,SW5,BD1,ja,RH2,FG1,WS2,WD3,V2,A3,RK3,W1,ARK1,B4,U2,nein
646,0,K3,LZ04,M2,VZ3,DH4,SW1,BD5,ja,RH4,FG2,WS1,WD4,V3,A3,RK1,W1,ARK2,B3,U2,nein
647,0,K3,LZ08,M3,VZ3,DH6,SW4,BD5,ja,RH3,FG2,WS1,WD3,V2,A2,RK1,W1,ARK2,B3,U1,nein
648,0,K1,LZ05,M3,VZ9,DH5,SW1,BD5,ja,RH4,FG2,WS1,WD2,V3,A3,RK2,W1,ARK2,B3,U2,nein
649,0,K1,LZ03,M1,VZ9,DH5,SW1,BD3,ja,RH4,FG2,WS1,WD4,V2,A2,RK3,W1,ARK1,B3,U2,nein
650,0,K1,LZ04,M1,VZ2,DH5,SW4,BD3,ja,RH1,FG2,WS1,WD4,V3,A3,RK3,W1,ARK1,B2,U2,ja
651,0,K1,LZ01,M1,VZ3,DH1,SW4,BD5,ja,RH4,FG2,WS1,WD4,V3,A2,RK3,W1,ARK1,B3,U2,nein
652,0,K1,LZ02,M1,VZ8,DH2,SW4,BD5,ja,RH4,FG2,WS1,WD4,V3,A2,RK3,W1,ARK2,B3,U2,nein
653,0,K3,LZ04,M2,VZ3,DH4,SW4,BD5,ja,RH4,FG2,WS1,WD4,V3,A3,RK3,W1,ARK2,B3,U2,nein
654,0,K1,LZ08,M3,VZ9,DH6,SW4,BD3,ja,RH4,FG2,WS1,WD4,V1,A2,RK3,W2,ARK1,B3,U1,ja
655,0,K1,LZ03,M3,VZ9,DH4,SW4,BD5,ja,RH4,FG2,WS1,WD2,V3,A3,RK3,W1,ARK2,B3,U2,nein
656,1,K1,LZ04,M2,VZ3,DH3,SW1,BD2,ja,RH4,FG2,WS1,WD4,V1,A2,RK1,W1,ARK2,B3,U1,nein
657,0,K1,LZ01,M1,VZ3,DH2,SW5,BD3,ja,RH2,FG2,WS3,WD3,V4,A4,RK3,W1,ARK1,B3,U2,nein
658,0,K1,LZ02,M1,VZ3,DH5,SW5,BD3,nein,RH2,FG2,WS3,WD2,V4,A2,RK3,W1,ARK1,B3,U2,nein
659,0,K1,LZ01,M1,VZ3,DH2,SW5,BD2,nein,RH3,FG3,WS1,WD3,V4,A2,RK3,W1,ARK1,B2,U2,nein
660,0,K1,LZ02,M1,VZ3,DH3,SW5,BD3,nein,RH4,FG2,WS3,WD2,V4,A2,RK3,W1,ARK1,B3,U2,nein
661,0,K1,LZ02,M1,VZ3,DH3,SW5,BD4,ja,RH4,FG2,WS3,WD3,V4,A2,RK3,W1,ARK2,B3,U2,nein
662,0,K1,LZ02,M3,VZ3,DH2,SW5,BD3,ja,RH4,FG3,WS2,WD4,V4,A1,RK3,W3,ARK2,B3,U2,nein
663,0,K1,LZ01,M1,VZ3,DH3,SW5,BD5,ja,RH4,FG2,WS1,WD4,V2,A2,RK3,W1,ARK1,B3,U1,nein
664,0,K4,LZ02,M2,VZ11,DH2,SW5,BD5,ja,RH4,FG2,WS1,WD4,V4,A3,RK3,W1,ARK2,B2,U2,nein
665,0,K1,LZ02,M1,VZ3,DH3,SW5,BD3,ja,RH4,FG2,WS3,WD4,V4,A3,RK3,W1,ARK2,B3,U2,ja
666,0,K1,LZ02,M1,VZ3,DH4,SW5,BD2,ja,RH1,FG2,WS3,WD1,V4,A3,RK3,W1,ARK1,B3,U2,nein
667,0,K1,LZ03,M2,VZ3,DH2,SW5,BD2,ja,RH4,FG2,WS3,WD4,V4,A1,RK3,W1,ARK2,B3,U2,nein
668,0,K1,LZ03,M1,VZ3,DH2,SW5,BD3,ja,RH4,FG3,WS3,WD2,V4,A1,RK3,W1,ARK1,B2,U2,nein
669,0,K1,LZ02,M1,VZ3,DH4,SW5,BD3,ja,RH3,FG2,WS3,WD2,V4,A2,RK3,W1,ARK1,B3,U2,nein
670,0,K1,LZ03,M1,VZ3,DH4,SW5,BD2,ja,RH2,FG2,WS3,WD4,V3,A1,RK3,W1,ARK1,B2,U2,nein
671,0,K1,LZ03,M1,VZ3,DH3,SW5,BD5,ja,RH4,FG3,WS3,WD2,V4,A2,RK3,W1,ARK1,B2,U2,nein
672,0,K1,LZ03,M1,VZ3,DH3,SW5,BD3,ja,RH4,FG2,WS3,WD4,V4,A2,RK3,W1,ARK1,B2,U1,nein
673,0,K1,LZ02,M1,VZ3,DH2,SW5,BD4,ja,RH4,FG2,WS3,WD2,V4,A3,RK3,W1,ARK1,B2,U2,nein
674,0,K1,LZ02,M1,VZ3,DH2,SW5,BD2,ja,RH4,FG3,WS3,WD1,V4,A2,RK1,W1,ARK1,B2,U2,nein
675,0,K2,LZ01,M2,VZ11,DH3,SW1,BD5,ja,RH2,FG1,WS1,WD4,V2,A2,RK3,W1,ARK2,B3,U1,ja
676,0,K4,LZ02,M2,VZ3,DH3,SW5,BD3,ja,RH4,FG2,WS1,WD4,V4,A1,RK3,W1,ARK2,B2,U2,nein
677,0,K1,LZ03,M2,VZ3,DH4,SW5,BD5,ja,RH3,FG2,WS3,WD4,V4,A3,RK1,W3,ARK2,B2,U2,ja
678,0,K1,LZ03,M2,VZ3,DH5,SW4,BD4,ja,RH4,FG2,WS3,WD2,V4,A2,RK1,W1,ARK3,B3,U2,ja
679,0,K1,LZ01,M1,VZ3,DH1,SW5,BD4,ja,RH3,FG3,WS3,WD3,V4,A2,RK1,W1,ARK1,B2,U2,nein
680,0,K1,LZ02,M5,VZ3,DH3,SW5,BD3,ja,RH4,FG2,WS1,WD4,V4,A1,RK2,W1,ARK1,B2,U2,nein
681,0,K1,LZ02,M1,VZ3,DH3,SW5,BD5,ja,RH3,FG3,WS3,WD3,V4,A3,RK1,W1,ARK2,B2,U2,nein
682,0,K1,LZ04,M3,VZ1,DH6,SW4,BD4,ja,RH3,FG2,WS1,WD4,V3,A2,RK1,W3,ARK2,B4,U1,ja
683,0,K1,LZ03,M2,VZ3,DH4,SW4,BD5,ja,RH4,FG2,WS3,WD4,V4,A3,RK3,W1,ARK2,B3,U2,ja
684,0,K4,LZ02,M1,VZ3,DH4,SW5,BD3,ja,RH4,FG2,WS1,WD3,V3,A1,RK3,W1,ARK1,B2,U2,nein
685,0,K3,LZ04,M2,VZ2,DH4,SW5,BD4,ja,RH4,FG2,WS1,WD3,V3,A3,RK3,W1,ARK2,B3,U2,nein
686,0,K1,LZ02,M1,VZ2,DH4,SW5,BD3,ja,RH4,FG1,WS1,WD2,V2,A2,RK3,W1,ARK1,B2,U2,nein
687,0,K1,LZ06,M5,VZ4,DH5,SW4,BD2,ja,RH3,FG2,WS1,WD2,V1,A2,RK1,W1,ARK1,B1,U2,nein
688,0,K2,LZ03,M1,VZ2,DH5,SW5,BD2,ja,RH1,FG2,WS1,WD1,V3,A3,RK2,W1,ARK1,B2,U2,nein
689,1,K4,LZ04,M1,VZ3,DH3,SW1,BD3,ja,RH4,FG2,WS1,WD2,V2,A2,RK3,W1,ARK1,B2,U2,nein
690,0,K3,LZ10,M1,VZ3,DH8,SW1,BD4,ja,RH2,FG2,WS1,WD4,V4,A1,RK3,W1,ARK1,B3,U2,ja
691,0,K4,LZ02,M1,VZ11,DH3,SW5,BD3,ja,RH4,FG3,WS1,WD3,V4,A2,RK3,W1,ARK1,B2,U2,nein
692,0,K1,LZ01,M1,VZ5,DH1,SW5,BD2,ja,RH3,FG3,WS1,WD1,V3,A1,RK3,W1,ARK1,B2,U2,nein
693,0,K3,LZ03,M3,VZ1,DH5,SW5,BD2,ja,RH1,FG2,WS1,WD2,V3,A3,RK3,W1,ARK2,B2,U2,nein
694,0,K3,LZ02,M1,VZ2,DH4,SW5,BD3,ja,RH3,FG2,WS1,WD2,V4,A1,RK3,W3,ARK1,B2,U2,nein
695,0,K3,LZ10,M3,VZ3,DH9,SW5,BD4,ja,RH2,FG2,WS1,WD4,V2,A1,RK3,W1,ARK2,B3,U2,ja
696,0,K2,LZ02,M3,VZ11,DH4,SW5,BD3,ja,RH2,FG2,WS1,WD2,V2,A2,RK2,W1,ARK2,B3,U2,ja
697,0,K3,LZ04,M1,VZ3,DH3,SW5,BD3,ja,RH4,FG3,WS1,WD2,V3,A2,RK3,W1,ARK1,B3,U2,nein
698,0,K1,LZ08,M2,VZ1,DH5,SW1,BD1,ja,RH3,FG2,WS1,WD4,V2,A2,RK3,W1,ARK1,B3,U2,nein
699,0,K4,LZ04,M2,VZ3,DH3,SW3,BD5,ja,RH4,FG2,WS1,WD4,V3,A3,RK3,W3,ARK2,B4,U2,ja
700,1,K4,LZ06,M1,VZ1,DH7,SW4,BD5,ja,RH3,FG2,WS1,WD4,V1,A3,RK3,W2,ARK1,B3,U2,nein
701,0,K1,LZ06,M2,VZ1,DH6,SW5,BD3,ja,RH3,FG2,WS1,WD4,V2,A2,RK3,W1,ARK2,B3,U2,ja
702,0,K4,LZ03,M3,VZ6,DH7,SW4,BD3,ja,RH1,FG2,WS1,WD2,V2,A1,RK3,W3,ARK2,B3,U2,ja
703,0,K4,LZ05,M1,VZ2,DH5,SW3,BD5,ja,RH4,FG2,WS1,WD4,V3,A3,RK3,W3,ARK2,B3,U2,ja
704,0,K4,LZ01,M2,VZ3,DH3,SW4,BD5,ja,RH4,FG2,WS1,WD4,V4,A5,RK3,W1,ARK2,B3,U2,ja
705,0,K3,LZ03,M1,VZ4,DH3,SW2,BD4,ja,RH4,FG2,WS1,WD3,V3,A2,RK3,W1,ARK2,B3,U2,ja
706,0,K2,LZ04,M2,VZ2,DH5,SW4,BD5,ja,RH4,FG2,WS2,WD4,V1,A1,RK3,W3,ARK2,B3,U2,nein
707,0,K1,LZ05,M2,VZ11,DH4,SW4,BD5,ja,RH4,FG2,WS1,WD4,V4,A2,RK3,W1,ARK2,B3,U2,nein
708,1,K4,LZ08,M5,VZ9,DH7,SW5,BD4,ja,RH2,FG2,WS3,WD4,V2,A2,RK3,W3,ARK1,B3,U2,nein
709,0,K3,LZ08,M2,VZ6,DH6,SW5,BD3,ja,RH1,FG2,WS1,WD3,V1,A2,RK1,W2,ARK1,B3,U2,ja
710,0,K3,LZ04,M1,VZ11,DH5,SW5,BD5,ja,RH4,FG2,WS2,WD4,V1,A4,RK3,W2,ARK1,B3,U2,ja
711,0,K4,LZ07,M2,VZ5,DH5,SW5,BD1,ja,RH4,FG2,WS2,WD4,V2,A5,RK3,W1,ARK2,B1,U2,nein
712,0,K3,LZ06,M2,VZ9,DH6,SW4,BD5,ja,RH4,FG2,WS1,WD4,V4,A2,RK3,W1,ARK2,B3,U2,nein
713,0,K3,LZ02,M2,VZ6,DH3,SW4,BD5,ja,RH4,FG2,WS1,WD4,V3,A3,RK3,W3,ARK2,B2,U2,nein
714,0,K3,LZ01,M1,VZ11,DH5,SW5,BD3,ja,RH2,FG2,WS3,WD3,V3,A2,RK3,W3,ARK1,B3,U2,nein
715,0,K3,LZ06,M4,VZ5,DH5,SW5,BD3,ja,RH4,FG2,WS1,WD2,V2,A2,RK3,W1,ARK2,B3,U2,nein
716,0,K4,LZ08,M1,VZ6,DH6,SW5,BD4,ja,RH4,FG2,WS1,WD1,V1,A3,RK3,W2,ARK1,B4,U2,ja
717,1,K3,LZ04,M1,VZ9,DH5,SW3,BD3,ja,RH2,FG2,WS1,WD3,V3,A3,RK3,W1,ARK3,B4,U2,ja
718,1,K1,LZ03,M1,VZ2,DH4,SW4,BD2,ja,RH4,FG2,WS1,WD3,V4,A2,RK3,W3,ARK1,B3,U2,nein
719,1,K1,LZ10,M1,VZ3,DH6,SW1,BD3,ja,RH2,FG3,WS1,WD2,V2,A1,RK3,W1,ARK1,B3,U2,nein
720,1,K1,LZ08,M3,VZ6,DH6,SW5,BD5,ja,RH4,FG2,WS1,WD4,V1,A3,RK3,W2,ARK1,B3,U2,nein
721,0,K2,LZ03,M1,VZ6,DH4,SW5,BD5,ja,RH4,FG2,WS1,WD4,V2,A3,RK3,W3,ARK1,B4,U2,ja
722,0,K3,LZ04,M3,VZ1,DH5,SW5,BD3,ja,RH3,FG2,WS1,WD2,V4,A2,RK2,W1,ARK2,B2,U2,nein
723,0,K3,LZ06,M3,VZ1,DH7,SW4,BD4,ja,RH3,FG2,WS1,WD2,V2,A2,RK2,W1,ARK1,B4,U1,ja
724,0,K4,LZ04,M1,VZ2,DH5,SW5,BD3,ja,RH2,FG2,WS1,WD2,V2,A2,RK2,W1,ARK1,B3,U2,nein
725,0,K1,LZ03,M1,VZ1,DH5,SW5,BD3,ja,RH1,FG3,WS1,WD3,V2,A1,RK3,W3,ARK1,B3,U2,ja
726,0,K3,LZ04,M1,VZ11,DH5,SW2,BD4,ja,RH1,FG2,WS1,WD2,V2,A2,RK1,W1,ARK1,B4,U2,nein
727,0,K3,LZ02,M1,VZ11,DH4,SW5,BD5,ja,RH4,FG2,WS1,WD4,V2,A2,RK3,W1,ARK1,B4,U2,ja
728,0,K3,LZ06,M2,VZ1,DH8,SW4,BD3,ja,RH4,FG2,WS1,WD2,V2,A2,RK3,W1,ARK1,B4,U2,ja
729,0,K1,LZ10,M3,VZ3,DH7,SW4,BD3,ja,RH2,FG2,WS1,WD2,V1,A2,RK3,W2,ARK1,B4,U2,nein
730,0,K1,LZ07,M5,VZ1,DH7,SW5,BD1,ja,RH1,FG2,WS1,WD2,V1,A3,RK1,W2,ARK1,B4,U2,ja
731,0,K3,LZ10,M1,VZ11,DH6,SW4,BD3,ja,RH4,FG2,WS1,WD4,V1,A2,RK3,W2,ARK1,B3,U1,ja
732,0,K3,LZ03,M2,VZ1,DH5,SW3,BD5,ja,RH3,FG2,WS1,WD4,V1,A1,RK3,W3,ARK2,B3,U2,ja
733,0,K4,LZ03,M1,VZ11,DH5,SW5,BD1,ja,RH1,FG2,WS1,WD4,V2,A1,RK3,W3,ARK1,B3,U2,nein
734,0,K4,LZ06,M1,VZ1,DH6,SW5,BD5,ja,RH2,FG2,WS1,WD4,V1,A3,RK3,W2,ARK1,B3,U1,nein
735,0,K3,LZ01,M1,VZ4,DH3,SW2,BD3,ja,RH1,FG1,WS1,WD4,V4,A4,RK3,W1,ARK1,B3,U2,nein
736,0,K1,LZ02,M1,VZ3,DH3,SW5,BD5,ja,RH4,FG2,WS1,WD4,V2,A2,RK3,W1,ARK2,B2,U2,nein
737,0,K3,LZ03,M2,VZ3,DH3,SW3,BD3,ja,RH4,FG2,WS1,WD3,V4,A3,RK3,W1,ARK2,B3,U2,nein
738,0,K1,LZ03,M1,VZ5,DH3,SW5,BD5,ja,RH4,FG2,WS1,WD4,V2,A2,RK3,W1,ARK2,B2,U2,nein
739,0,K1,LZ04,M4,VZ1,DH6,SW1,BD5,ja,RH3,FG3,WS1,WD4,V2,A2,RK1,W1,ARK2,B3,U2,ja
740,0,K3,LZ02,M1,VZ2,DH4,SW5,BD4,ja,RH3,FG2,WS1,WD4,V4,A2,RK3,W1,ARK1,B2,U2,nein
741,0,K3,LZ02,M1,VZ3,DH5,SW3,BD4,ja,RH2,FG1,WS1,WD4,V4,A4,RK3,W1,ARK1,B2,U2,nein
742,1,K4,LZ04,M1,VZ2,DH5,SW4,BD3,ja,RH2,FG3,WS1,WD4,V2,A1,RK3,W1,ARK1,B3,U2,nein
743,0,K3,LZ05,M2,VZ1,DH7,SW4,BD5,ja,RH1,FG2,WS1,WD4,V2,A4,RK3,W1,ARK2,B3,U2,nein
744,0,K3,LZ05,M1,VZ1,DH5,SW4,BD4,ja,RH2,FG2,WS1,WD4,V3,A1,RK2,W3,ARK1,B2,U2,nein
745,0,K3,LZ01,M1,VZ2,DH4,SW5,BD3,ja,RH1,FG3,WS1,WD2,V3,A1,RK3,W3,ARK1,B3,U2,nein
746,0,K1,LZ04,M1,VZ1,DH5,SW4,BD5,ja,RH4,FG2,WS1,WD4,V1,A2,RK1,W2,ARK1,B3,U2,ja
747,0,K3,LZ04,M2,VZ5,DH6,SW5,BD5,ja,RH3,FG2,WS1,WD4,V1,A3,RK3,W2,ARK2,B3,U2,nein
748,0,K1,LZ02,M1,VZ6,DH3,SW5,BD4,ja,RH4,FG2,WS1,WD4,V3,A5,RK3,W1,ARK2,B4,U2,ja
749,0,K2,LZ04,M1,VZ2,DH5,SW5,BD5,ja,RH3,FG1,WS1,WD4,V1,A3,RK3,W2,ARK1,B3,U2,nein
750,0,K1,LZ06,M3,VZ11,DH5,SW1,BD5,ja,RH4,FG2,WS1,WD3,V1,A2,RK3,W2,ARK1,B3,U2,nein
751,1,K4,LZ02,M1,VZ11,DH2,SW5,BD3,ja,RH4,FG2,WS1,WD3,V2,A2,RK3,W1,ARK1,B2,U2,nein
752,1,K1,LZ02,M2,VZ6,DH3,SW3,BD5,ja,RH4,FG2,WS1,WD3,V1,A2,RK3,W2,ARK2,B3,U1,nein
753,1,K1,LZ04,M1,VZ1,DH5,SW2,BD2,ja,RH3,FG2,WS1,WD4,V2,A2,RK3,W3,ARK1,B3,U2,nein
754,1,K1,LZ01,M1,VZ11,DH8,SW4,BD1,ja,RH1,FG2,WS1,WD2,V3,A1,RK3,W1,ARK1,B1,U2,ja
755,1,K4,LZ03,M4,VZ11,DH2,SW5,BD5,ja,RH4,FG2,WS1,WD3,V2,A2,RK3,W3,ARK2,B3,U1,nein
756,1,K4,LZ04,M2,VZ11,DH3,SW5,BD5,ja,RH4,FG2,WS1,WD4,V2,A4,RK3,W1,ARK2,B2,U2,nein
757,1,K4,LZ02,M4,VZ11,DH3,SW5,BD3,ja,RH4,FG2,WS1,WD4,V2,A3,RK1,W1,ARK2,B3,U2,nein
758,1,K1,LZ05,M1,VZ11,DH4,SW5,BD3,ja,RH4,FG2,WS3,WD2,V1,A1,RK1,W1,ARK1,B3,U2,nein
759,1,K1,LZ06,M2,VZ11,DH5,SW5,BD2,ja,RH4,FG1,WS1,WD4,V2,A2,RK3,W1,ARK2,B3,U2,nein
760,1,K1,LZ08,M1,VZ3,DH5,SW5,BD4,ja,RH4,FG2,WS1,WD4,V4,A2,RK3,W1,ARK2,B3,U2,nein
761,1,K4,LZ03,M1,VZ3,DH5,SW5,BD3,ja,RH4,FG2,WS1,WD4,V1,A5,RK3,W2,ARK2,B3,U2,nein
762,1,K3,LZ04,M4,VZ11,DH6,SW4,BD3,ja,RH1,FG2,WS1,WD4,V3,A2,RK1,W1,ARK2,B3,U2,ja
763,1,K1,LZ10,M1,VZ6,DH6,SW5,BD3,ja,RH4,FG2,WS1,WD4,V1,A3,RK3,W2,ARK1,B3,U2,nein
764,1,K3,LZ04,M3,VZ11,DH5,SW5,BD5,ja,RH4,FG2,WS1,WD4,V2,A3,RK3,W1,ARK2,B2,U1,nein
765,1,K3,LZ02,M1,VZ3,DH3,SW5,BD4,ja,RH4,FG2,WS1,WD2,V2,A1,RK3,W1,ARK1,B3,U2,nein
766,1,K1,LZ07,M2,VZ3,DH5,SW5,BD4,ja,RH2,FG2,WS3,WD2,V4,A1,RK3,W1,ARK2,B3,U2,nein
767,1,K3,LZ03,M2,VZ11,DH4,SW5,BD3,ja,RH3,FG2,WS1,WD2,V3,A2,RK1,W1,ARK2,B3,U2,nein
768,1,K1,LZ02,M5,VZ11,DH3,SW1,BD4,ja,RH2,FG2,WS1,WD3,V1,A2,RK3,W1,ARK1,B3,U2,nein
769,1,K4,LZ03,M1,VZ4,DH3,SW4,BD3,ja,RH4,FG2,WS1,WD2,V2,A1,RK3,W3,ARK1,B3,U2,nein
770,1,K4,LZ04,M1,VZ3,DH4,SW5,BD1,ja,RH4,FG2,WS1,WD2,V2,A2,RK2,W1,ARK1,B4,U1,nein
771,1,K4,LZ02,M1,VZ11,DH3,SW5,BD2,ja,RH3,FG2,WS1,WD2,V1,A2,RK3,W2,ARK1,B4,U2,ja
772,1,K4,LZ03,M1,VZ4,DH3,SW5,BD3,ja,RH4,FG3,WS1,WD3,V4,A3,RK3,W1,ARK1,B2,U2,ja
773,1,K4,LZ06,M1,VZ11,DH7,SW5,BD4,ja,RH2,FG2,WS1,WD1,V2,A1,RK3,W1,ARK1,B3,U2,ja
774,1,K4,LZ06,M3,VZ9,DH4,SW5,BD4,ja,RH2,FG2,WS1,WD1,V2,A1,RK3,W1,ARK2,B3,U2,ja
775,1,K4,LZ06,M1,VZ11,DH4,SW5,BD2,ja,RH4,FG2,WS1,WD4,V2,A2,RK3,W1,ARK1,B3,U2,ja
776,1,K1,LZ03,M3,VZ2,DH5,SW5,BD5,ja,RH4,FG1,WS1,WD3,V1,A3,RK3,W1,ARK1,B4,U2,ja
777,1,K4,LZ01,M2,VZ2,DH5,SW5,BD3,ja,RH1,FG1,WS1,WD4,V4,A3,RK3,W3,ARK1,B4,U2,ja
778,1,K1,LZ03,M2,VZ3,DH3,SW5,BD3,ja,RH4,FG3,WS1,WD2,V2,A2,RK3,W1,ARK1,B3,U2,nein
779,1,K3,LZ03,M1,VZ6,DH5,SW1,BD3,ja,RH3,FG2,WS1,WD2,V3,A3,RK3,W1,ARK1,B4,U2,ja
780,1,K1,LZ05,M2,VZ2,DH7,SW5,BD4,ja,RH2,FG2,WS1,WD2,V3,A3,RK3,W1,ARK1,B3,U2,nein
781,1,K4,LZ04,M3,VZ3,DH3,SW5,BD2,ja,RH4,FG3,WS1,WD4,V4,A3,RK2,W1,ARK1,B3,U2,nein
782,1,K1,LZ06,M1,VZ11,DH8,SW5,BD5,ja,RH4,FG2,WS1,WD2,V1,A3,RK3,W2,ARK1,B4,U2,ja
783,1,K1,LZ01,M5,VZ6,DH1,SW3,BD2,ja,RH4,FG2,WS1,WD2,V3,A1,RK1,W3,ARK1,B3,U1,nein
784,1,K4,LZ02,M5,VZ3,DH4,SW5,BD3,ja,RH4,FG1,WS1,WD1,V1,A2,RK3,W2,ARK1,B3,U2,nein
785,1,K3,LZ04,M1,VZ3,DH4,SW2,BD5,ja,RH3,FG2,WS1,WD2,V2,A2,RK1,W1,ARK2,B3,U2,ja
786,1,K1,LZ01,M5,VZ11,DH2,SW1,BD2,ja,RH1,FG2,WS1,WD1,V3,A2,RK2,W1,ARK1,B2,U2,nein
787,1,K1,LZ03,M3,VZ5,DH4,SW3,BD3,ja,RH3,FG3,WS1,WD3,V3,A4,RK2,W1,ARK2,B3,U2,nein
788,1,K1,LZ04,M4,VZ9,DH5,SW5,BD3,ja,RH1,FG2,WS1,WD4,V4,A2,RK3,W1,ARK3,B2,U2,ja
789,1,K1,LZ04,M2,VZ2,DH5,SW5,BD2,ja,RH2,FG2,WS1,WD4,V2,A1,RK1,W1,ARK1,B2,U2,nein
790,1,K1,LZ03,M4,VZ11,DH4,SW5,BD2,ja,RH2,FG2,WS1,WD1,V4,A2,RK3,W3,ARK2,B1,U2,nein
791,1,K2,LZ03,M1,VZ3,DH4,SW5,BD2,ja,RH2,FG2,WS1,WD3,V4,A1,RK3,W1,ARK1,B2,U2,nein
792,1,K4,LZ04,M5,VZ2,DH6,SW5,BD2,ja,RH2,FG1,WS1,WD1,V3,A3,RK1,W1,ARK1,B3,U2,ja
793,1,K4,LZ02,M1,VZ6,DH2,SW5,BD2,ja,RH4,FG2,WS1,WD4,V3,A3,RK3,W1,ARK1,B3,U2,nein
794,1,K2,LZ05,M3,VZ9,DH4,SW5,BD5,ja,RH4,FG2,WS1,WD4,V4,A5,RK3,W1,ARK1,B4,U2,ja
795,1,K1,LZ06,M4,VZ9,DH4,SW5,BD5,ja,RH4,FG2,WS1,WD4,V1,A4,RK3,W2,ARK1,B4,U2,ja
796,1,K2,LZ03,M1,VZ2,DH5,SW5,BD3,ja,RH2,FG2,WS1,WD1,V4,A2,RK3,W1,ARK1,B2,U1,nein
797,1,K2,LZ04,M2,VZ6,DH4,SW5,BD2,ja,RH2,FG1,WS1,WD1,V2,A2,RK3,W3,ARK1,B3,U2,nein
798,1,K4,LZ04,M1,VZ11,DH2,SW4,BD5,ja,RH4,FG2,WS1,WD2,V2,A2,RK1,W1,ARK1,B3,U2,nein
799,1,K2,LZ04,M1,VZ11,DH2,SW5,BD4,ja,RH4,FG2,WS1,WD3,V1,A2,RK1,W2,ARK1,B3,U1,nein
800,1,K4,LZ04,M1,VZ11,DH3,SW4,BD3,ja,RH4,FG2,WS1,WD2,V3,A2,RK3,W1,ARK1,B3,U2,nein
801,1,K4,LZ04,M1,VZ11,DH3,SW4,BD4,ja,RH4,FG2,WS1,WD4,V1,A2,RK3,W3,ARK1,B3,U2,nein
802,1,K4,LZ04,M1,VZ11,DH3,SW4,BD3,ja,RH4,FG2,WS1,WD4,V4,A1,RK3,W3,ARK1,B3,U2,nein
803,1,K1,LZ03,M1,VZ11,DH3,SW4,BD3,ja,RH4,FG2,WS1,WD2,V3,A2,RK3,W1,ARK1,B3,U2,nein
804,1,K4,LZ02,M1,VZ11,DH2,SW4,BD3,ja,RH4,FG3,WS1,WD2,V2,A1,RK3,W1,ARK1,B3,U2,nein
805,1,K4,LZ04,M1,VZ11,DH3,SW5,BD2,ja,RH4,FG2,WS1,WD4,V3,A1,RK3,W3,ARK1,B3,U2,nein
806,1,K1,LZ03,M4,VZ11,DH4,SW1,BD2,ja,RH3,FG2,WS1,WD3,V2,A2,RK3,W1,ARK2,B3,U2,nein
807,1,K4,LZ10,M3,VZ9,DH6,SW5,BD5,ja,RH3,FG2,WS1,WD4,V1,A4,RK3,W1,ARK2,B3,U2,ja
808,1,K4,LZ04,M1,VZ2,DH5,SW5,BD5,ja,RH4,FG2,WS1,WD2,V3,A2,RK3,W3,ARK1,B4,U2,ja
809,1,K4,LZ01,M5,VZ6,DH3,SW5,BD5,ja,RH4,FG2,WS1,WD4,V1,A2,RK3,W2,ARK1,B3,U2,nein
810,1,K1,LZ08,M1,VZ9,DH9,SW5,BD3,ja,RH2,FG2,WS1,WD2,V2,A1,RK3,W1,ARK1,B3,U2,ja
811,1,K4,LZ10,M1,VZ9,DH6,SW5,BD5,ja,RH4,FG2,WS2,WD4,V1,A2,RK3,W3,ARK1,B3,U2,nein
812,1,K3,LZ03,M1,VZ5,DH4,SW5,BD2,ja,RH4,FG2,WS1,WD4,V4,A1,RK3,W1,ARK1,B3,U2,nein
813,1,K4,LZ03,M1,VZ3,DH5,SW5,BD3,ja,RH2,FG2,WS1,WD2,V4,A1,RK3,W1,ARK1,B3,U2,nein
814,1,K1,LZ02,M5,VZ1,DH6,SW5,BD5,ja,RH2,FG2,WS1,WD4,V1,A5,RK1,W2,ARK1,B4,U1,ja
815,1,K3,LZ03,M3,VZ2,DH4,SW5,BD4,ja,RH4,FG2,WS1,WD1,V4,A1,RK3,W1,ARK1,B3,U2,nein
816,1,K2,LZ02,M1,VZ11,DH3,SW1,BD5,ja,RH1,FG2,WS1,WD4,V1,A3,RK3,W2,ARK1,B2,U1,nein
817,1,K4,LZ02,M1,VZ11,DH2,SW5,BD4,ja,RH4,FG2,WS1,WD2,V4,A2,RK3,W1,ARK1,B3,U2,nein
818,1,K1,LZ02,M1,VZ2,DH3,SW5,BD3,ja,RH3,FG2,WS1,WD4,V4,A1,RK3,W1,ARK1,B3,U2,nein
819,1,K3,LZ02,M1,VZ2,DH4,SW5,BD2,ja,RH2,FG2,WS2,WD2,V2,A1,RK3,W3,ARK2,B3,U2,nein
820,1,K1,LZ08,M1,VZ3,DH8,SW3,BD4,ja,RH1,FG2,WS2,WD2,V1,A2,RK1,W1,ARK2,B3,U2,ja
821,1,K4,LZ06,M3,VZ6,DH6,SW5,BD3,ja,RH4,FG2,WS1,WD3,V3,A2,RK2,W1,ARK1,B3,U2,ja
822,1,K4,LZ04,M1,VZ3,DH4,SW5,BD2,ja,RH4,FG1,WS1,WD3,V3,A2,RK3,W1,ARK1,B3,U2,nein
823,1,K4,LZ04,M1,VZ3,DH4,SW5,BD3,ja,RH3,FG2,WS1,WD2,V4,A1,RK3,W1,ARK2,B3,U2,ja
824,1,K4,LZ04,M3,VZ3,DH4,SW5,BD2,ja,RH4,FG2,WS1,WD2,V2,A2,RK3,W3,ARK1,B2,U2,ja
825,1,K1,LZ01,M3,VZ11,DH3,SW5,BD1,ja,RH4,FG2,WS1,WD4,V3,A3,RK3,W1,ARK1,B4,U2,ja
826,1,K1,LZ08,M4,VZ9,DH5,SW1,BD4,ja,RH4,FG2,WS1,WD4,V1,A2,RK3,W2,ARK1,B2,U1,nein
827,1,K4,LZ02,M2,VZ11,DH5,SW5,BD5,ja,RH3,FG2,WS2,WD4,V3,A3,RK3,W3,ARK2,B3,U2,ja
828,1,K1,LZ02,M1,VZ5,DH2,SW5,BD3,ja,RH4,FG2,WS1,WD2,V2,A2,RK3,W1,ARK1,B3,U2,nein
829,1,K1,LZ08,M1,VZ3,DH6,SW5,BD3,ja,RH2,FG2,WS1,WD2,V4,A1,RK3,W1,ARK1,B3,U2,nein
830,1,K1,LZ06,M4,VZ3,DH5,SW5,BD3,ja,RH4,FG2,WS1,WD1,V2,A3,RK3,W1,ARK1,B3,U2,ja
831,1,K3,LZ06,M3,VZ3,DH5,SW5,BD3,ja,RH4,FG2,WS1,WD2,V2,A2,RK3,W1,ARK2,B4,U2,ja
832,1,K3,LZ06,M3,VZ9,DH7,SW4,BD2,ja,RH4,FG2,WS1,WD4,V2,A2,RK3,W3,ARK2,B3,U2,ja
833,1,K2,LZ06,M1,VZ3,DH5,SW5,BD3,ja,RH4,FG2,WS1,WD2,V2,A2,RK3,W1,ARK1,B3,U2,nein
834,1,K3,LZ01,M1,VZ2,DH5,SW5,BD2,ja,RH1,FG2,WS1,WD4,V3,A2,RK3,W1,ARK1,B3,U2,nein
835,1,K1,LZ04,M1,VZ1,DH8,SW5,BD3,ja,RH1,FG2,WS1,WD4,V2,A1,RK3,W3,ARK2,B4,U2,nein
836,1,K3,LZ03,M4,VZ9,DH5,SW5,BD3,ja,RH2,FG2,WS1,WD2,V2,A2,RK2,W1,ARK2,B3,U1,nein
837,1,K1,LZ04,M1,VZ2,DH5,SW5,BD4,ja,RH3,FG1,WS1,WD3,V2,A3,RK3,W1,ARK1,B3,U2,ja
838,1,K3,LZ03,M5,VZ11,DH6,SW5,BD5,ja,RH2,FG2,WS1,WD4,V1,A2,RK1,W1,ARK2,B4,U1,ja
839,1,K3,LZ02,M1,VZ11,DH3,SW2,BD3,ja,RH2,FG2,WS1,WD2,V3,A2,RK3,W1,ARK1,B3,U2,nein
840,1,K4,LZ06,M1,VZ6,DH4,SW4,BD5,ja,RH4,FG2,WS1,WD4,V1,A3,RK3,W1,ARK1,B4,U2,ja
841,1,K1,LZ03,M2,VZ2,DH4,SW5,BD2,ja,RH2,FG2,WS1,WD2,V4,A2,RK3,W1,ARK2,B2,U2,nein
842,1,K3,LZ02,M1,VZ2,DH3,SW2,BD3,ja,RH4,FG2,WS1,WD4,V2,A2,RK3,W3,ARK1,B2,U2,nein
843,1,K1,LZ04,M1,VZ10,DH8,SW5,BD3,ja,RH2,FG2,WS2,WD3,V2,A2,RK1,W1,ARK2,B4,U2,ja
844,1,K1,LZ04,M2,VZ10,DH8,SW5,BD3,ja,RH2,FG2,WS2,WD3,V2,A2,RK3,W1,ARK2,B4,U1,ja
845,1,K1,LZ05,M2,VZ3,DH5,SW2,BD3,ja,RH4,FG2,WS1,WD2,V3,A1,RK3,W1,ARK2,B2,U2,nein
846,1,K1,LZ05,M3,VZ3,DH4,SW1,BD2,ja,RH4,FG2,WS1,WD3,V1,A2,RK2,W1,ARK2,B4,U2,nein
847,1,K1,LZ10,M5,VZ10,DH8,SW1,BD5,ja,RH3,FG2,WS1,WD4,V1,A4,RK1,W2,ARK2,B4,U2,ja
848,1,K1,LZ06,M1,VZ3,DH5,SW1,BD3,ja,RH4,FG2,WS2,WD4,V1,A3,RK3,W2,ARK1,B3,U2,nein
849,1,K1,LZ06,M1,VZ6,DH8,SW1,BD3,ja,RH1,FG2,WS1,WD4,V1,A3,RK3,W2,ARK1,B3,U1,ja
850,1,K1,LZ08,M1,VZ3,DH5,SW1,BD3,ja,RH4,FG2,WS3,WD4,V3,A1,RK3,W3,ARK1,B3,U2,nein
851,1,K4,LZ02,M5,VZ3,DH2,SW5,BD3,ja,RH4,FG2,WS1,WD4,V4,A1,RK1,W1,ARK1,B2,U2,nein
852,1,K1,LZ04,M2,VZ9,DH4,SW5,BD5,ja,RH4,FG1,WS1,WD4,V4,A2,RK3,W1,ARK2,B3,U2,ja
853,1,K2,LZ04,M2,VZ11,DH3,SW4,BD4,ja,RH4,FG2,WS1,WD2,V4,A2,RK1,W1,ARK2,B2,U1,nein
854,1,K3,LZ03,M1,VZ2,DH4,SW5,BD2,ja,RH4,FG3,WS2,WD1,V3,A3,RK3,W1,ARK1,B2,U1,nein
855,1,K4,LZ08,M1,VZ11,DH5,SW5,BD4,ja,RH4,FG2,WS1,WD4,V1,A3,RK3,W2,ARK1,B3,U1,nein
856,1,K4,LZ04,M5,VZ2,DH5,SW2,BD2,ja,RH4,FG2,WS1,WD4,V1,A2,RK3,W2,ARK1,B3,U1,ja
857,1,K4,LZ06,M1,VZ3,DH4,SW5,BD3,ja,RH4,FG1,WS1,WD4,V2,A2,RK3,W3,ARK1,B3,U2,nein
858,1,K4,LZ07,M1,VZ3,DH5,SW5,BD2,ja,RH4,FG2,WS1,WD3,V2,A2,RK3,W1,ARK1,B3,U2,nein
859,1,K4,LZ02,M1,VZ3,DH2,SW1,BD2,ja,RH4,FG3,WS1,WD3,V1,A2,RK3,W1,ARK1,B2,U2,ja
860,1,K3,LZ08,M1,VZ9,DH5,SW4,BD3,ja,RH4,FG1,WS1,WD2,V4,A2,RK1,W1,ARK1,B3,U2,nein
861,1,K4,LZ08,M1,VZ9,DH5,SW5,BD2,ja,RH3,FG2,WS1,WD4,V3,A1,RK3,W3,ARK1,B3,U2,nein
862,1,K1,LZ02,M1,VZ3,DH4,SW5,BD2,ja,RH1,FG3,WS1,WD1,V4,A1,RK3,W3,ARK1,B3,U2,nein
863,1,K3,LZ03,M2,VZ11,DH5,SW5,BD4,ja,RH2,FG2,WS1,WD2,V3,A2,RK1,W1,ARK2,B3,U2,nein
864,1,K4,LZ07,M2,VZ6,DH6,SW5,BD3,ja,RH4,FG2,WS1,WD3,V1,A2,RK1,W1,ARK1,B3,U2,ja
865,1,K2,LZ03,M2,VZ3,DH3,SW4,BD3,ja,RH3,FG2,WS1,WD4,V1,A2,RK3,W2,ARK2,B3,U2,ja
866,1,K1,LZ02,M1,VZ11,DH3,SW5,BD2,ja,RH3,FG2,WS1,WD1,V2,A1,RK3,W3,ARK1,B3,U2,nein
867,1,K1,LZ06,M1,VZ1,DH7,SW5,BD2,ja,RH1,FG3,WS1,WD4,V2,A2,RK3,W3,ARK1,B4,U2,ja
868,1,K1,LZ02,M1,VZ2,DH2,SW1,BD2,ja,RH4,FG2,WS1,WD4,V2,A2,RK1,W3,ARK4,B3,U2,nein
869,1,K1,LZ04,M1,VZ11,DH3,SW5,BD2,ja,RH3,FG2,WS1,WD4,V2,A1,RK3,W1,ARK1,B2,U2,ja
870,1,K4,LZ08,M1,VZ4,DH5,SW5,BD3,ja,RH3,FG2,WS1,WD4,V2,A3,RK3,W1,ARK1,B3,U2,nein
871,1,K3,LZ06,M2,VZ11,DH7,SW5,BD3,ja,RH4,FG2,WS1,WD2,V4,A1,RK2,W1,ARK2,B3,U2,ja
872,1,K3,LZ03,M1,VZ3,DH1,SW5,BD1,ja,RH3,FG2,WS2,WD4,V4,A1,RK3,W3,ARK1,B3,U2,nein
873,1,K3,LZ06,M3,VZ9,DH7,SW5,BD2,ja,RH1,FG1,WS1,WD1,V2,A2,RK3,W1,ARK2,B3,U2,nein
874,1,K1,LZ04,M5,VZ6,DH4,SW5,BD4,ja,RH4,FG2,WS1,WD4,V1,A2,RK1,W2,ARK1,B2,U2,nein
875,1,K1,LZ05,M2,VZ11,DH5,SW5,BD1,ja,RH4,FG3,WS1,WD2,V2,A2,RK3,W1,ARK2,B4,U2,nein
876,1,K1,LZ05,M2,VZ11,DH6,SW5,BD1,ja,RH4,FG3,WS1,WD2,V2,A2,RK3,W1,ARK2,B4,U2,nein
877,1,K4,LZ08,M1,VZ3,DH6,SW5,BD3,ja,RH3,FG2,WS1,WD2,V2,A2,RK3,W1,ARK1,B3,U2,ja
878,1,K4,LZ02,M1,VZ3,DH3,SW5,BD2,ja,RH3,FG2,WS1,WD4,V3,A1,RK3,W3,ARK1,B3,U2,nein
879,1,K4,LZ04,M5,VZ10,DH3,SW4,BD5,ja,RH4,FG2,WS1,WD3,V2,A3,RK2,W1,ARK1,B4,U2,ja
880,1,K4,LZ03,M1,VZ2,DH4,SW5,BD1,ja,RH4,FG2,WS1,WD1,V2,A1,RK3,W1,ARK1,B1,U2,nein
881,1,K2,LZ02,M4,VZ3,DH3,SW5,BD2,ja,RH4,FG2,WS1,WD2,V2,A2,RK3,W1,ARK2,B4,U2,ja
882,1,K4,LZ08,M1,VZ11,DH7,SW5,BD5,ja,RH4,FG2,WS1,WD4,V1,A3,RK1,W2,ARK1,B4,U2,nein
883,1,K1,LZ03,M5,VZ11,DH3,SW1,BD3,ja,RH2,FG3,WS1,WD2,V3,A1,RK3,W3,ARK1,B3,U2,nein
884,1,K1,LZ03,M1,VZ11,DH5,SW1,BD3,ja,RH2,FG2,WS1,WD4,V2,A2,RK3,W3,ARK2,B3,U2,ja
885,1,K1,LZ08,M1,VZ11,DH6,SW1,BD4,ja,RH3,FG2,WS1,WD2,V3,A1,RK3,W1,ARK1,B3,U2,nein
886,1,K4,LZ04,M1,VZ11,DH5,SW5,BD2,ja,RH4,FG2,WS1,WD1,V3,A2,RK3,W1,ARK1,B3,U2,nein
887,1,K4,LZ06,M2,VZ6,DH7,SW5,BD3,ja,RH3,FG2,WS1,WD2,V1,A1,RK3,W1,ARK2,B4,U2,ja
888,1,K4,LZ04,M1,VZ3,DH4,SW5,BD2,ja,RH4,FG2,WS1,WD4,V4,A2,RK3,W1,ARK1,B3,U2,ja
889,1,K1,LZ06,M1,VZ2,DH7,SW1,BD2,ja,RH4,FG2,WS2,WD1,V1,A2,RK3,W3,ARK1,B4,U2,ja
890,1,K1,LZ10,M1,VZ11,DH8,SW5,BD4,ja,RH4,FG2,WS1,WD2,V1,A2,RK3,W1,ARK1,B4,U2,ja
891,1,K4,LZ06,M2,VZ1,DH7,SW5,BD4,ja,RH4,FG2,WS1,WD4,V2,A1,RK3,W1,ARK2,B3,U2,ja
892,1,K1,LZ02,M1,VZ3,DH3,SW4,BD3,ja,RH2,FG3,WS1,WD1,V4,A1,RK3,W1,ARK1,B3,U2,ja
893,1,K4,LZ03,M1,VZ2,DH3,SW5,BD1,ja,RH4,FG2,WS1,WD2,V2,A2,RK3,W1,ARK1,B3,U2,nein
894,1,K1,LZ04,M3,VZ2,DH4,SW5,BD1,ja,RH3,FG2,WS1,WD2,V3,A2,RK3,W1,ARK1,B4,U2,ja
895,1,K1,LZ03,M1,VZ1,DH8,SW5,BD1,ja,RH3,FG2,WS1,WD4,V1,A2,RK3,W2,ARK1,B4,U2,ja
896,1,K3,LZ04,M3,VZ9,DH5,SW2,BD2,ja,RH4,FG2,WS1,WD2,V4,A3,RK1,W1,ARK1,B2,U1,nein
897,1,K3,LZ05,M1,VZ11,DH5,SW5,BD3,ja,RH3,FG2,WS1,WD3,V4,A1,RK3,W3,ARK1,B3,U2,nein
898,1,K1,LZ05,M1,VZ9,DH5,SW5,BD3,ja,RH4,FG2,WS1,WD2,V2,A2,RK3,W1,ARK1,B3,U1,ja
899,1,K3,LZ02,M1,VZ11,DH3,SW4,BD3,ja,RH4,FG2,WS3,WD4,V3,A2,RK3,W1,ARK1,B2,U2,nein
900,1,K4,LZ04,M1,VZ11,DH5,SW5,BD4,ja,RH2,FG2,WS2,WD3,V3,A2,RK3,W1,ARK1,B3,U2,ja
901,1,K4,LZ02,M1,VZ11,DH5,SW5,BD2,ja,RH4,FG2,WS1,WD1,V4,A2,RK3,W1,ARK1,B2,U1,nein
902,1,K1,LZ06,M3,VZ11,DH4,SW5,BD5,ja,RH4,FG2,WS1,WD4,V1,A3,RK1,W2,ARK2,B3,U2,ja
903,1,K4,LZ03,M1,VZ2,DH5,SW5,BD3,ja,RH2,FG2,WS2,WD3,V2,A3,RK3,W1,ARK1,B3,U2,nein
904,1,K4,LZ03,M4,VZ2,DH5,SW5,BD2,ja,RH1,FG2,WS1,WD4,V3,A2,RK3,W3,ARK1,B3,U2,nein
905,1,K4,LZ03,M2,VZ2,DH4,SW5,BD3,ja,RH4,FG2,WS1,WD4,V4,A1,RK3,W3,ARK2,B3,U2,nein
906,1,K4,LZ03,M5,VZ2,DH4,SW5,BD3,ja,RH4,FG2,WS1,WD3,V2,A3,RK1,W1,ARK1,B3,U2,nein
907,1,K4,LZ05,M1,VZ2,DH4,SW5,BD4,ja,RH4,FG2,WS1,WD4,V4,A1,RK3,W3,ARK1,B3,U2,nein
908,1,K4,LZ04,M3,VZ11,DH3,SW5,BD1,ja,RH4,FG2,WS1,WD2,V4,A3,RK3,W2,ARK2,B3,U1,nein
909,1,K4,LZ08,M4,VZ2,DH6,SW5,BD3,ja,RH3,FG2,WS1,WD4,V1,A3,RK3,W2,ARK2,B3,U1,nein
910,1,K4,LZ04,M3,VZ11,DH5,SW5,BD3,ja,RH3,FG2,WS1,WD4,V1,A3,RK3,W2,ARK2,B3,U1,nein
911,1,K4,LZ02,M2,VZ11,DH2,SW5,BD5,ja,RH4,FG2,WS1,WD3,V3,A2,RK3,W1,ARK2,B3,U2,nein
912,1,K4,LZ07,M3,VZ3,DH5,SW5,BD4,ja,RH3,FG2,WS1,WD2,V3,A2,RK1,W1,ARK2,B3,U1,ja
913,1,K4,LZ06,M5,VZ2,DH5,SW5,BD5,ja,RH4,FG2,WS1,WD4,V2,A2,RK1,W1,ARK1,B3,U2,nein
914,1,K4,LZ04,M4,VZ2,DH5,SW5,BD5,ja,RH3,FG2,WS1,WD4,V1,A1,RK1,W3,ARK2,B3,U1,nein
915,1,K4,LZ03,M1,VZ2,DH4,SW5,BD3,ja,RH2,FG2,WS1,WD2,V2,A1,RK3,W1,ARK1,B3,U2,nein
916,1,K4,LZ02,M1,VZ2,DH3,SW5,BD3,ja,RH2,FG2,WS1,WD4,V2,A1,RK3,W3,ARK1,B3,U2,nein
917,1,K1,LZ02,M4,VZ2,DH5,SW5,BD2,ja,RH4,FG2,WS1,WD3,V3,A1,RK3,W3,ARK2,B3,U2,nein
918,1,K4,LZ08,M4,VZ1,DH5,SW5,BD5,ja,RH3,FG2,WS1,WD4,V1,A1,RK3,W2,ARK2,B3,U1,nein
919,1,K4,LZ08,M2,VZ1,DH6,SW5,BD5,ja,RH4,FG2,WS1,WD4,V1,A3,RK3,W2,ARK2,B3,U2,ja
920,1,K4,LZ04,M5,VZ2,DH5,SW5,BD4,ja,RH3,FG2,WS1,WD4,V2,A2,RK1,W1,ARK1,B3,U2,nein
921,1,K4,LZ02,M5,VZ11,DH2,SW5,BD2,ja,RH4,FG2,WS1,WD2,V2,A3,RK1,W1,ARK2,B3,U2,ja
922,1,K4,LZ04,M1,VZ11,DH3,SW5,BD4,ja,RH4,FG2,WS1,WD4,V2,A1,RK3,W3,ARK2,B3,U2,nein
923,1,K4,LZ05,M4,VZ9,DH6,SW5,BD1,ja,RH2,FG2,WS1,WD4,V3,A3,RK3,W1,ARK2,B3,U2,ja
924,1,K4,LZ04,M3,VZ6,DH5,SW5,BD2,ja,RH2,FG2,WS1,WD1,V3,A2,RK2,W1,ARK2,B3,U2,nein
925,1,K4,LZ03,M1,VZ2,DH4,SW5,BD3,ja,RH1,FG2,WS1,WD4,V4,A1,RK3,W3,ARK1,B3,U2,nein
926,1,K4,LZ04,M5,VZ9,DH5,SW5,BD3,ja,RH4,FG2,WS1,WD2,V3,A2,RK1,W3,ARK1,B3,U2,ja
927,1,K4,LZ02,M1,VZ8,DH2,SW5,BD4,ja,RH4,FG3,WS1,WD4,V3,A1,RK3,W3,ARK1,B3,U2,nein
928,1,K4,LZ08,M1,VZ1,DH8,SW5,BD4,ja,RH4,FG2,WS1,WD4,V1,A2,RK3,W2,ARK3,B3,U1,ja
929,1,K1,LZ08,M4,VZ9,DH8,SW5,BD3,ja,RH2,FG2,WS1,WD2,V2,A1,RK2,W1,ARK1,B3,U2,ja
930,1,K1,LZ03,M2,VZ11,DH3,SW5,BD5,ja,RH3,FG2,WS3,WD3,V4,A2,RK3,W1,ARK2,B3,U2,nein
931,1,K4,LZ02,M1,VZ11,DH3,SW5,BD2,ja,RH3,FG2,WS1,WD1,V4,A2,RK1,W1,ARK1,B2,U2,nein
932,1,K1,LZ02,M1,VZ11,DH3,SW5,BD5,ja,RH1,FG1,WS1,WD1,V4,A3,RK3,W3,ARK2,B3,U2,nein
933,1,K4,LZ02,M1,VZ11,DH3,SW5,BD4,ja,RH2,FG1,WS1,WD3,V2,A2,RK3,W1,ARK1,B3,U2,nein
934,1,K4,LZ03,M2,VZ11,DH5,SW5,BD5,nein,RH2,FG2,WS3,WD4,V3,A3,RK3,W3,ARK1,B3,U2,ja
935,1,K4,LZ04,M2,VZ11,DH4,SW5,BD3,nein,RH4,FG3,WS3,WD2,V3,A2,RK1,W3,ARK2,B3,U2,nein
936,1,K1,LZ02,M1,VZ2,DH2,SW5,BD3,ja,RH1,FG2,WS1,WD2,V2,A2,RK1,W1,ARK1,B3,U2,nein
937,1,K1,LZ03,M2,VZ11,DH2,SW5,BD5,ja,RH4,FG2,WS1,WD4,V2,A2,RK3,W1,ARK1,B3,U1,ja
938,1,K1,LZ04,M1,VZ11,DH3,SW5,BD2,ja,RH4,FG2,WS1,WD2,V4,A1,RK1,W1,ARK1,B2,U2,nein
939,1,K1,LZ06,M3,VZ11,DH7,SW1,BD5,ja,RH2,FG2,WS1,WD4,V2,A3,RK2,W1,ARK4,B4,U2,ja
940,1,K3,LZ08,M2,VZ11,DH8,SW2,BD3,ja,RH2,FG2,WS1,WD2,V1,A3,RK3,W2,ARK1,B3,U2,nein
941,1,K1,LZ02,M1,VZ11,DH2,SW5,BD5,ja,RH4,FG2,WS1,WD4,V2,A3,RK1,W1,ARK1,B2,U1,nein
942,1,K3,LZ02,M1,VZ6,DH2,SW5,BD5,ja,RH4,FG2,WS1,WD4,V2,A3,RK1,W1,ARK1,B2,U1,nein
943,1,K1,LZ06,M1,VZ11,DH8,SW4,BD3,ja,RH1,FG2,WS1,WD4,V1,A2,RK1,W2,ARK1,B3,U2,ja
944,1,K4,LZ02,M1,VZ3,DH2,SW5,BD5,ja,RH4,FG2,WS1,WD4,V4,A3,RK3,W1,ARK1,B2,U2,nein
945,1,K1,LZ03,M5,VZ11,DH6,SW1,BD1,ja,RH1,FG2,WS1,WD2,V3,A2,RK2,W1,ARK1,B4,U1,ja
946,1,K3,LZ02,M1,VZ2,DH4,SW5,BD3,ja,RH2,FG2,WS1,WD2,V4,A1,RK3,W3,ARK1,B2,U2,nein
947,1,K3,LZ05,M5,VZ1,DH6,SW4,BD1,ja,RH4,FG2,WS1,WD1,V4,A3,RK1,W1,ARK1,B4,U2,ja
948,1,K4,LZ03,M5,VZ11,DH3,SW5,BD4,ja,RH4,FG2,WS1,WD4,V1,A2,RK1,W2,ARK2,B2,U1,nein
949,1,K3,LZ02,M2,VZ3,DH2,SW4,BD5,ja,RH4,FG2,WS1,WD3,V3,A2,RK3,W1,ARK1,B2,U1,nein
950,1,K1,LZ08,M2,VZ3,DH5,SW5,BD2,ja,RH4,FG2,WS1,WD2,V3,A1,RK1,W1,ARK2,B2,U2,nein
951,1,K2,LZ02,M2,VZ11,DH2,SW2,BD4,ja,RH4,FG3,WS1,WD2,V4,A2,RK3,W1,ARK3,B3,U2,ja
952,1,K1,LZ04,M1,VZ9,DH3,SW5,BD5,ja,RH2,FG2,WS1,WD4,V3,A2,RK3,W1,ARK1,B3,U1,nein
953,1,K3,LZ08,M2,VZ1,DH8,SW1,BD3,ja,RH2,FG2,WS1,WD4,V2,A1,RK3,W3,ARK2,B2,U2,nein
954,1,K2,LZ02,M5,VZ9,DH2,SW5,BD2,ja,RH4,FG2,WS1,WD1,V4,A2,RK1,W1,ARK1,B1,U2,nein
955,1,K4,LZ03,M2,VZ5,DH3,SW5,BD1,ja,RH2,FG2,WS1,WD4,V1,A3,RK3,W2,ARK3,B1,U1,nein
956,1,K1,LZ04,M1,VZ9,DH5,SW1,BD5,ja,RH4,FG1,WS1,WD2,V2,A4,RK3,W3,ARK2,B2,U2,nein
957,1,K1,LZ05,M1,VZ2,DH5,SW1,BD3,ja,RH2,FG2,WS2,WD4,V2,A1,RK1,W3,ARK1,B3,U2,nein
958,1,K1,LZ05,M4,VZ9,DH5,SW1,BD3,ja,RH4,FG2,WS1,WD4,V2,A2,RK3,W3,ARK2,B2,U2,nein
959,1,K1,LZ04,M1,VZ3,DH5,SW1,BD2,ja,RH3,FG3,WS1,WD2,V2,A1,RK3,W3,ARK1,B3,U2,ja
960,1,K3,LZ03,M1,VZ11,DH6,SW4,BD3,ja,RH2,FG2,WS1,WD4,V2,A5,RK2,W3,ARK2,B3,U2,nein
961,1,K1,LZ02,M1,VZ3,DH3,SW5,BD2,ja,RH2,FG2,WS1,WD1,V2,A1,RK3,W1,ARK1,B3,U2,nein
962,1,K1,LZ09,M4,VZ9,DH9,SW5,BD2,ja,RH3,FG2,WS1,WD4,V1,A3,RK3,W3,ARK1,B3,U2,ja
963,1,K4,LZ04,M1,VZ2,DH5,SW5,BD2,ja,RH4,FG2,WS1,WD4,V4,A1,RK3,W3,ARK1,B2,U2,ja
964,1,K1,LZ03,M1,VZ3,DH2,SW5,BD5,ja,RH4,FG2,WS1,WD3,V2,A2,RK3,W1,ARK1,B3,U1,nein
965,1,K1,LZ08,M1,VZ2,DH7,SW5,BD2,ja,RH1,FG2,WS1,WD2,V2,A2,RK1,W1,ARK1,B3,U2,ja
966,1,K3,LZ04,M3,VZ9,DH7,SW5,BD2,ja,RH2,FG2,WS1,WD2,V2,A2,RK1,W1,ARK2,B3,U2,ja
967,1,K4,LZ03,M1,VZ3,DH3,SW5,BD3,ja,RH4,FG3,WS1,WD3,V4,A2,RK3,W1,ARK1,B3,U2,nein
968,1,K4,LZ08,M1,VZ3,DH4,SW5,BD3,ja,RH4,FG2,WS1,WD4,V1,A1,RK3,W2,ARK1,B3,U2,ja
969,1,K4,LZ04,M5,VZ11,DH4,SW4,BD3,ja,RH4,FG2,WS1,WD2,V3,A3,RK1,W1,ARK2,B2,U1,nein
970,1,K3,LZ08,M1,VZ9,DH5,SW5,BD1,ja,RH3,FG2,WS1,WD2,V2,A2,RK3,W3,ARK1,B4,U2,ja
971,1,K1,LZ05,M4,VZ9,DH7,SW5,BD5,ja,RH2,FG2,WS1,WD4,V1,A3,RK2,W2,ARK2,B4,U2,ja
972,1,K2,LZ03,M1,VZ3,DH4,SW5,BD3,ja,RH4,FG2,WS2,WD2,V4,A2,RK3,W1,ARK1,B3,U2,nein
973,1,K4,LZ08,M4,VZ9,DH8,SW5,BD5,ja,RH2,FG2,WS1,WD4,V2,A2,RK3,W3,ARK2,B3,U2,nein
974,1,K4,LZ01,M1,VZ6,DH1,SW5,BD2,ja,RH4,FG2,WS1,WD4,V3,A1,RK3,W1,ARK1,B3,U2,nein
975,1,K4,LZ05,M1,VZ5,DH8,SW5,BD2,ja,RH1,FG1,WS1,WD1,V1,A2,RK1,W1,ARK1,B2,U2,ja
976,1,K1,LZ08,M4,VZ10,DH9,SW5,BD3,nein,RH1,FG2,WS1,WD2,V3,A2,RK1,W1,ARK1,B4,U2,ja
977,1,K4,LZ01,M1,VZ11,DH8,SW5,BD5,ja,RH1,FG2,WS1,WD4,V1,A5,RK1,W1,ARK1,B4,U2,ja
978,1,K1,LZ02,M1,VZ2,DH5,SW4,BD5,ja,RH1,FG2,WS1,WD2,V3,A1,RK3,W1,ARK1,B3,U2,ja
979,1,K4,LZ02,M1,VZ1,DH5,SW5,BD5,ja,RH3,FG2,WS1,WD4,V1,A2,RK3,W2,ARK1,B3,U2,ja
980,1,K1,LZ04,M1,VZ3,DH4,SW5,BD2,ja,RH1,FG3,WS1,WD1,V3,A1,RK3,W1,ARK1,B3,U2,ja
981,1,K3,LZ03,M3,VZ9,DH4,SW5,BD3,ja,RH4,FG3,WS1,WD2,V2,A2,RK3,W1,ARK1,B3,U2,ja
982,1,K1,LZ08,M2,VZ2,DH6,SW5,BD3,ja,RH2,FG2,WS1,WD3,V2,A2,RK3,W1,ARK1,B4,U2,ja
983,1,K4,LZ03,M1,VZ3,DH4,SW5,BD3,ja,RH4,FG2,WS1,WD4,V2,A1,RK1,W3,ARK2,B3,U2,nein
984,1,K4,LZ08,M1,VZ3,DH6,SW5,BD4,ja,RH1,FG3,WS3,WD1,V4,A2,RK3,W1,ARK2,B3,U2,ja
985,1,K3,LZ02,M2,VZ9,DH4,SW5,BD1,ja,RH4,FG2,WS1,WD2,V2,A3,RK2,W1,ARK2,B4,U2,ja
986,1,K4,LZ03,M1,VZ11,DH7,SW5,BD5,nein,RH1,FG1,WS1,WD4,V3,A3,RK3,W1,ARK1,B4,U2,ja
987,1,K4,LZ02,M1,VZ3,DH2,SW1,BD4,ja,RH4,FG3,WS1,WD1,V3,A1,RK3,W1,ARK1,B3,U2,nein
988,1,K4,LZ03,M1,VZ11,DH2,SW5,BD2,ja,RH1,FG2,WS1,WD2,V2,A1,RK3,W1,ARK1,B2,U2,nein
989,1,K1,LZ04,M1,VZ11,DH5,SW5,BD3,ja,RH3,FG2,WS1,WD4,V3,A1,RK3,W3,ARK1,B2,U2,ja
990,1,K4,LZ03,M1,VZ6,DH2,SW5,BD1,ja,RH4,FG2,WS1,WD1,V4,A2,RK3,W1,ARK1,B1,U2,nein
991,1,K1,LZ04,M1,VZ1,DH8,SW5,BD5,ja,RH4,FG2,WS1,WD2,V1,A3,RK3,W2,ARK1,B4,U2,ja
992,1,K4,LZ03,M1,VZ1,DH7,SW4,BD5,ja,RH1,FG2,WS1,WD4,V3,A3,RK3,W2,ARK1,B3,U1,ja
993,1,K4,LZ03,M2,VZ11,DH5,SW5,BD5,ja,RH1,FG2,WS1,WD4,V4,A2,RK1,W3,ARK3,B3,U2,ja
994,1,K4,LZ02,M4,VZ3,DH6,SW5,BD3,ja,RH4,FG2,WS1,WD2,V3,A2,RK3,W3,ARK2,B3,U2,ja
995,1,K4,LZ04,M1,VZ3,DH4,SW5,BD3,ja,RH2,FG2,WS1,WD4,V4,A1,RK3,W3,ARK1,B2,U1,nein
996,1,K4,LZ04,M1,VZ11,DH4,SW5,BD5,ja,RH4,FG2,WS2,WD1,V4,A3,RK3,W1,ARK1,B3,U2,nein
997,1,K3,LZ04,M2,VZ11,DH8,SW4,BD5,ja,RH4,FG2,WS1,WD4,V1,A2,RK3,W2,ARK1,B4,U2,ja
998,1,K1,LZ02,M1,VZ3,DH6,SW4,BD1,ja,RH2,FG2,WS1,WD1,V1,A3,RK3,W1,ARK1,B4,U2,ja
999,1,K4,LZ05,M1,VZ2,DH6,SW4,BD5,ja,RH4,FG2,WS1,WD4,V3,A2,RK3,W1,ARK1,B3,U2,nein
